
> spendwise-fullstack@1.0.0 test:e2e
> npm --prefix e2e test


> spendwise-e2e@1.0.0 test
> playwright test

[WebServer] 
[WebServer] > spendwise-api@1.0.0 start
[WebServer] > node src/server.js
[WebServer] 
[WebServer] [2026-09-26T17:14:30.658Z] WARN  MONGODB_URI not set – using in-memory MongoDB (data will be lost on restart)
[WebServer] [2026-09-26T17:14:30.690Z] INFO  MongoDB connected: 127.0.0.1/spendwise
[WebServer] [2026-09-26T17:14:31.081Z] INFO  Seeded 32 demo transactions – login with demo@spendwise.app / Demo1234
[WebServer] [2026-09-26T17:14:31.140Z] INFO  SpendWise API listening on http://localhost:4000  (env: development)
[WebServer] [2026-09-26T17:14:31.141Z] INFO  Swagger docs:  http://localhost:4000/api/docs
[WebServer] GET /api/v1/health 200 2.665 ms - 112

Running 30 tests using 1 worker

  ✘   1 [chromium] › tests/auth.spec.js:10:3 › authentication › registers a new account and shows the API-synced dashboard (5ms)
  ✘   2 [chromium] › tests/auth.spec.js:32:3 › authentication › signs in with the seeded demo account (5ms)
  ✘   3 [chromium] › tests/auth.spec.js:41:3 › authentication › shows the API error message for wrong credentials (6ms)
  ✘   4 [chromium] › tests/auth.spec.js:50:3 › authentication › validates the password policy before calling the API (4ms)
  ✘   5 [chromium] › tests/auth.spec.js:61:3 › authentication › drops an invalid stored token and falls back to guest mode (5ms)
  ✘   6 [chromium] › tests/auth.spec.js:70:3 › authentication › signs out back to guest mode (4ms)
  ✘   7 [chromium] › tests/auth.spec.js:80:3 › authentication › the demo credentials are exactly what the README documents (4ms)
  ✘   8 [chromium] › tests/crud.spec.js:19:3 › transaction CRUD (client ⇄ API ⇄ MongoDB) › creates a transaction and it survives a reload (4ms)
  -   9 [chromium] › tests/crud.spec.js:34:3 › transaction CRUD (client ⇄ API ⇄ MongoDB) › edits a transaction and the new amount is stored
  -  10 [chromium] › tests/crud.spec.js:52:3 › transaction CRUD (client ⇄ API ⇄ MongoDB) › deletes a transaction and it stays deleted
  -  11 [chromium] › tests/crud.spec.js:69:3 › transaction CRUD (client ⇄ API ⇄ MongoDB) › rejects an invalid amount with the API’s validation message
  -  12 [chromium] › tests/crud.spec.js:83:3 › transaction CRUD (client ⇄ API ⇄ MongoDB) › shows the detail page of a transaction and opens it read-only
  ✘  13 [chromium] › tests/data-flow.spec.js:37:3 › server-side list + statistics › renders one server page at a time and paginates through the data (5ms)
  ✘  14 [chromium] › tests/data-flow.spec.js:51:3 › server-side list + statistics › filters by type on the server and keeps the query in the URL (4ms)
  ✘  15 [chromium] › tests/data-flow.spec.js:65:3 › server-side list + statistics › searches across title and notes through the API (4ms)
  ✘  16 [chromium] › tests/data-flow.spec.js:77:3 › server-side list + statistics › sorts on the server (highest amount first) (4ms)
  ✘  17 [chromium] › tests/data-flow.spec.js:85:3 › server-side list + statistics › the stat cards show the numbers the API computed (4ms)
  ✘  18 [chromium] › tests/data-flow.spec.js:99:3 › server-side list + statistics › an empty account explains what to do next (3ms)
  ✘  19 [chromium] › tests/realtime.spec.js:13:3 › live sync across devices (SSE) › a transaction added on one device appears on the other instantly (4ms)
  ✘  20 [chromium] › tests/realtime.spec.js:42:3 › live sync across devices (SSE) › deleting on one device removes the row on the other (7ms)
  ✘  21 [chromium] › tests/realtime.spec.js:69:3 › live sync across devices (SSE) › the stream endpoint reports the open connections (4ms)
  ✘  22 [chromium] › tests/settings-and-errors.spec.js:14:3 › settings page › renames the account through PATCH /auth/me (4ms)
  ✘  23 [chromium] › tests/settings-and-errors.spec.js:35:3 › settings page › changes the password and can sign in with the new one (3ms)
  ✘  24 [chromium] › tests/settings-and-errors.spec.js:53:3 › settings page › deletes every transaction with one request (danger zone) (4ms)
  ✘  25 [chromium] › tests/settings-and-errors.spec.js:70:3 › settings page › exports the account data as JSON (12ms)
  ✘  26 [chromium] › tests/settings-and-errors.spec.js:84:3 › graceful error handling › explains a stopped back-end instead of breaking the page (4ms)
  ✘  27 [chromium] › tests/settings-and-errors.spec.js:99:3 › graceful error handling › the retry button recovers once the API answers again (4ms)
  ✘  28 [chromium] › tests/settings-and-errors.spec.js:116:3 › graceful error handling › an expired session sends the user back to the login page with an explanation (3ms)
  ✘  29 [chromium] › tests/week5-regressions.spec.js:5:1 › W5 valid leap-day transaction survives UI save, API read and reload (7ms)
  ✘  30 [chromium] › tests/week5-regressions.spec.js:26:1 › W5 malformed date through same-origin browser fetch is rejected without database writes (10ms)


  1) [chromium] › tests/auth.spec.js:10:3 › authentication › registers a new account and shows the API-synced dashboard 

    Error: browserType.launch: Target page, context or browser has been closed
    Browser logs:

    <launching> /home/user/.cache/ms-playwright/chromium_headless_shell-1243/chrome-headless-shell-linux64/chrome-headless-shell --disable-field-trial-config --disable-background-networking --disable-background-timer-throttling --disable-backgrounding-occluded-windows --disable-back-forward-cache --disable-breakpad --disable-client-side-phishing-detection --disable-component-extensions-with-background-pages --disable-component-update --no-default-browser-check --disable-default-apps --disable-dev-shm-usage --disable-edgeupdater --disable-extensions --disable-features=AvoidUnnecessaryBeforeUnloadCheckSync,DestroyProfileOnBrowserClose,DialMediaRouteProvider,GlobalMediaControls,HttpsUpgrades,LensOverlay,MediaRouter,PaintHolding,ThirdPartyStoragePartitioning,BlockOriginHeaderModificationOnRedirect,Translate,AutoDeElevate,OptimizationHints,msForceBrowserSignIn,msEdgeUpdateLaunchServicesPreferredVersion --enable-features=CDPScreenshotNewSurface --allow-pre-commit-input --disable-hang-monitor --disable-ipc-flooding-protection --disable-popup-blocking --disable-prompt-on-repost --disable-renderer-backgrounding --disable-updater-scheduler --force-color-profile=srgb --metrics-recording-only --no-first-run --password-store=basic --use-mock-keychain --no-service-autorun --export-tagged-pdf --disable-search-engine-choice-screen --unsafely-disable-devtools-self-xss-warnings --edge-skip-compat-layer-relaunch --disable-infobars --disable-search-engine-choice-screen --disable-sync --enable-unsafe-swiftshader --headless --hide-scrollbars --mute-audio --blink-settings=primaryHoverType=2,availableHoverTypes=2,primaryPointerType=4,availablePointerTypes=4 --no-sandbox --user-data-dir=/tmp/playwright_chromiumdev_profile-3vaNpl --remote-debugging-pipe --no-startup-window
    <launched> pid=3007
    [pid=3007][err] /home/user/.cache/ms-playwright/chromium_headless_shell-1243/chrome-headless-shell-linux64/chrome-headless-shell: error while loading shared libraries: libnspr4.so: cannot open shared object file: No such file or directory
    Call log:
      - <launching> /home/user/.cache/ms-playwright/chromium_headless_shell-1243/chrome-headless-shell-linux64/chrome-headless-shell --disable-field-trial-config --disable-background-networking --disable-background-timer-throttling --disable-backgrounding-occluded-windows --disable-back-forward-cache --disable-breakpad --disable-client-side-phishing-detection --disable-component-extensions-with-background-pages --disable-component-update --no-default-browser-check --disable-default-apps --disable-dev-shm-usage --disable-edgeupdater --disable-extensions --disable-features=AvoidUnnecessaryBeforeUnloadCheckSync,DestroyProfileOnBrowserClose,DialMediaRouteProvider,GlobalMediaControls,HttpsUpgrades,LensOverlay,MediaRouter,PaintHolding,ThirdPartyStoragePartitioning,BlockOriginHeaderModificationOnRedirect,Translate,AutoDeElevate,OptimizationHints,msForceBrowserSignIn,msEdgeUpdateLaunchServicesPreferredVersion --enable-features=CDPScreenshotNewSurface --allow-pre-commit-input --disable-hang-monitor --disable-ipc-flooding-protection --disable-popup-blocking --disable-prompt-on-repost --disable-renderer-backgrounding --disable-updater-scheduler --force-color-profile=srgb --metrics-recording-only --no-first-run --password-store=basic --use-mock-keychain --no-service-autorun --export-tagged-pdf --disable-search-engine-choice-screen --unsafely-disable-devtools-self-xss-warnings --edge-skip-compat-layer-relaunch --disable-infobars --disable-search-engine-choice-screen --disable-sync --enable-unsafe-swiftshader --headless --hide-scrollbars --mute-audio --blink-settings=primaryHoverType=2,availableHoverTypes=2,primaryPointerType=4,availablePointerTypes=4 --no-sandbox --user-data-dir=/tmp/playwright_chromiumdev_profile-3vaNpl --remote-debugging-pipe --no-startup-window
      - <launched> pid=3007
      - [pid=3007][err] /home/user/.cache/ms-playwright/chromium_headless_shell-1243/chrome-headless-shell-linux64/chrome-headless-shell: error while loading shared libraries: libnspr4.so: cannot open shared object file: No such file or directory
      - [pid=3007] <gracefully close start>
      - [pid=3007] <kill>
      - [pid=3007] <will force kill>
      - [pid=3007] exception while trying to kill process: Error: kill ESRCH
      - [pid=3007] <process did exit: exitCode=127, signal=null>
      - [pid=3007] starting temporary directories cleanup
      - [pid=3007] finished temporary directories cleanup
      - [pid=3007] <gracefully close end>


    Error Context: test-results/auth-authentication-regist-f51be-ws-the-API-synced-dashboard-chromium/error-context.md

    attachment #2: trace (application/zip) ─────────────────────────────────────────────────────────
    test-results/auth-authentication-regist-f51be-ws-the-API-synced-dashboard-chromium/trace.zip
    Usage:

        npx playwright show-trace test-results/auth-authentication-regist-f51be-ws-the-API-synced-dashboard-chromium/trace.zip

    ────────────────────────────────────────────────────────────────────────────────────────────────

  2) [chromium] › tests/auth.spec.js:32:3 › authentication › signs in with the seeded demo account ─

    Error: browserType.launch: Target page, context or browser has been closed
    Browser logs:

    <launching> /home/user/.cache/ms-playwright/chromium_headless_shell-1243/chrome-headless-shell-linux64/chrome-headless-shell --disable-field-trial-config --disable-background-networking --disable-background-timer-throttling --disable-backgrounding-occluded-windows --disable-back-forward-cache --disable-breakpad --disable-client-side-phishing-detection --disable-component-extensions-with-background-pages --disable-component-update --no-default-browser-check --disable-default-apps --disable-dev-shm-usage --disable-edgeupdater --disable-extensions --disable-features=AvoidUnnecessaryBeforeUnloadCheckSync,DestroyProfileOnBrowserClose,DialMediaRouteProvider,GlobalMediaControls,HttpsUpgrades,LensOverlay,MediaRouter,PaintHolding,ThirdPartyStoragePartitioning,BlockOriginHeaderModificationOnRedirect,Translate,AutoDeElevate,OptimizationHints,msForceBrowserSignIn,msEdgeUpdateLaunchServicesPreferredVersion --enable-features=CDPScreenshotNewSurface --allow-pre-commit-input --disable-hang-monitor --disable-ipc-flooding-protection --disable-popup-blocking --disable-prompt-on-repost --disable-renderer-backgrounding --disable-updater-scheduler --force-color-profile=srgb --metrics-recording-only --no-first-run --password-store=basic --use-mock-keychain --no-service-autorun --export-tagged-pdf --disable-search-engine-choice-screen --unsafely-disable-devtools-self-xss-warnings --edge-skip-compat-layer-relaunch --disable-infobars --disable-search-engine-choice-screen --disable-sync --enable-unsafe-swiftshader --headless --hide-scrollbars --mute-audio --blink-settings=primaryHoverType=2,availableHoverTypes=2,primaryPointerType=4,availablePointerTypes=4 --no-sandbox --user-data-dir=/tmp/playwright_chromiumdev_profile-okaUrX --remote-debugging-pipe --no-startup-window
    <launched> pid=3020
    [pid=3020][err] /home/user/.cache/ms-playwright/chromium_headless_shell-1243/chrome-headless-shell-linux64/chrome-headless-shell: error while loading shared libraries: libnspr4.so: cannot open shared object file: No such file or directory
    Call log:
      - <launching> /home/user/.cache/ms-playwright/chromium_headless_shell-1243/chrome-headless-shell-linux64/chrome-headless-shell --disable-field-trial-config --disable-background-networking --disable-background-timer-throttling --disable-backgrounding-occluded-windows --disable-back-forward-cache --disable-breakpad --disable-client-side-phishing-detection --disable-component-extensions-with-background-pages --disable-component-update --no-default-browser-check --disable-default-apps --disable-dev-shm-usage --disable-edgeupdater --disable-extensions --disable-features=AvoidUnnecessaryBeforeUnloadCheckSync,DestroyProfileOnBrowserClose,DialMediaRouteProvider,GlobalMediaControls,HttpsUpgrades,LensOverlay,MediaRouter,PaintHolding,ThirdPartyStoragePartitioning,BlockOriginHeaderModificationOnRedirect,Translate,AutoDeElevate,OptimizationHints,msForceBrowserSignIn,msEdgeUpdateLaunchServicesPreferredVersion --enable-features=CDPScreenshotNewSurface --allow-pre-commit-input --disable-hang-monitor --disable-ipc-flooding-protection --disable-popup-blocking --disable-prompt-on-repost --disable-renderer-backgrounding --disable-updater-scheduler --force-color-profile=srgb --metrics-recording-only --no-first-run --password-store=basic --use-mock-keychain --no-service-autorun --export-tagged-pdf --disable-search-engine-choice-screen --unsafely-disable-devtools-self-xss-warnings --edge-skip-compat-layer-relaunch --disable-infobars --disable-search-engine-choice-screen --disable-sync --enable-unsafe-swiftshader --headless --hide-scrollbars --mute-audio --blink-settings=primaryHoverType=2,availableHoverTypes=2,primaryPointerType=4,availablePointerTypes=4 --no-sandbox --user-data-dir=/tmp/playwright_chromiumdev_profile-okaUrX --remote-debugging-pipe --no-startup-window
      - <launched> pid=3020
      - [pid=3020][err] /home/user/.cache/ms-playwright/chromium_headless_shell-1243/chrome-headless-shell-linux64/chrome-headless-shell: error while loading shared libraries: libnspr4.so: cannot open shared object file: No such file or directory
      - [pid=3020] <gracefully close start>
      - [pid=3020] <kill>
      - [pid=3020] <will force kill>
      - [pid=3020] exception while trying to kill process: Error: kill ESRCH
      - [pid=3020] <process did exit: exitCode=127, signal=null>
      - [pid=3020] starting temporary directories cleanup
      - [pid=3020] finished temporary directories cleanup
      - [pid=3020] <gracefully close end>


    Error Context: test-results/auth-authentication-signs-in-with-the-seeded-demo-account-chromium/error-context.md

    attachment #2: trace (application/zip) ─────────────────────────────────────────────────────────
    test-results/auth-authentication-signs-in-with-the-seeded-demo-account-chromium/trace.zip
    Usage:

        npx playwright show-trace test-results/auth-authentication-signs-in-with-the-seeded-demo-account-chromium/trace.zip

    ────────────────────────────────────────────────────────────────────────────────────────────────

  3) [chromium] › tests/auth.spec.js:41:3 › authentication › shows the API error message for wrong credentials 

    Error: browserType.launch: Target page, context or browser has been closed
    Browser logs:

    <launching> /home/user/.cache/ms-playwright/chromium_headless_shell-1243/chrome-headless-shell-linux64/chrome-headless-shell --disable-field-trial-config --disable-background-networking --disable-background-timer-throttling --disable-backgrounding-occluded-windows --disable-back-forward-cache --disable-breakpad --disable-client-side-phishing-detection --disable-component-extensions-with-background-pages --disable-component-update --no-default-browser-check --disable-default-apps --disable-dev-shm-usage --disable-edgeupdater --disable-extensions --disable-features=AvoidUnnecessaryBeforeUnloadCheckSync,DestroyProfileOnBrowserClose,DialMediaRouteProvider,GlobalMediaControls,HttpsUpgrades,LensOverlay,MediaRouter,PaintHolding,ThirdPartyStoragePartitioning,BlockOriginHeaderModificationOnRedirect,Translate,AutoDeElevate,OptimizationHints,msForceBrowserSignIn,msEdgeUpdateLaunchServicesPreferredVersion --enable-features=CDPScreenshotNewSurface --allow-pre-commit-input --disable-hang-monitor --disable-ipc-flooding-protection --disable-popup-blocking --disable-prompt-on-repost --disable-renderer-backgrounding --disable-updater-scheduler --force-color-profile=srgb --metrics-recording-only --no-first-run --password-store=basic --use-mock-keychain --no-service-autorun --export-tagged-pdf --disable-search-engine-choice-screen --unsafely-disable-devtools-self-xss-warnings --edge-skip-compat-layer-relaunch --disable-infobars --disable-search-engine-choice-screen --disable-sync --enable-unsafe-swiftshader --headless --hide-scrollbars --mute-audio --blink-settings=primaryHoverType=2,availableHoverTypes=2,primaryPointerType=4,availablePointerTypes=4 --no-sandbox --user-data-dir=/tmp/playwright_chromiumdev_profile-bbyzdV --remote-debugging-pipe --no-startup-window
    <launched> pid=3033
    [pid=3033][err] /home/user/.cache/ms-playwright/chromium_headless_shell-1243/chrome-headless-shell-linux64/chrome-headless-shell: error while loading shared libraries: libnspr4.so: cannot open shared object file: No such file or directory
    Call log:
      - <launching> /home/user/.cache/ms-playwright/chromium_headless_shell-1243/chrome-headless-shell-linux64/chrome-headless-shell --disable-field-trial-config --disable-background-networking --disable-background-timer-throttling --disable-backgrounding-occluded-windows --disable-back-forward-cache --disable-breakpad --disable-client-side-phishing-detection --disable-component-extensions-with-background-pages --disable-component-update --no-default-browser-check --disable-default-apps --disable-dev-shm-usage --disable-edgeupdater --disable-extensions --disable-features=AvoidUnnecessaryBeforeUnloadCheckSync,DestroyProfileOnBrowserClose,DialMediaRouteProvider,GlobalMediaControls,HttpsUpgrades,LensOverlay,MediaRouter,PaintHolding,ThirdPartyStoragePartitioning,BlockOriginHeaderModificationOnRedirect,Translate,AutoDeElevate,OptimizationHints,msForceBrowserSignIn,msEdgeUpdateLaunchServicesPreferredVersion --enable-features=CDPScreenshotNewSurface --allow-pre-commit-input --disable-hang-monitor --disable-ipc-flooding-protection --disable-popup-blocking --disable-prompt-on-repost --disable-renderer-backgrounding --disable-updater-scheduler --force-color-profile=srgb --metrics-recording-only --no-first-run --password-store=basic --use-mock-keychain --no-service-autorun --export-tagged-pdf --disable-search-engine-choice-screen --unsafely-disable-devtools-self-xss-warnings --edge-skip-compat-layer-relaunch --disable-infobars --disable-search-engine-choice-screen --disable-sync --enable-unsafe-swiftshader --headless --hide-scrollbars --mute-audio --blink-settings=primaryHoverType=2,availableHoverTypes=2,primaryPointerType=4,availablePointerTypes=4 --no-sandbox --user-data-dir=/tmp/playwright_chromiumdev_profile-bbyzdV --remote-debugging-pipe --no-startup-window
      - <launched> pid=3033
      - [pid=3033][err] /home/user/.cache/ms-playwright/chromium_headless_shell-1243/chrome-headless-shell-linux64/chrome-headless-shell: error while loading shared libraries: libnspr4.so: cannot open shared object file: No such file or directory
      - [pid=3033] <gracefully close start>
      - [pid=3033] <kill>
      - [pid=3033] <will force kill>
      - [pid=3033] exception while trying to kill process: Error: kill ESRCH
      - [pid=3033] <process did exit: exitCode=127, signal=null>
      - [pid=3033] starting temporary directories cleanup
      - [pid=3033] finished temporary directories cleanup
      - [pid=3033] <gracefully close end>


    Error Context: test-results/auth-authentication-shows--a0ad4-ssage-for-wrong-credentials-chromium/error-context.md

    attachment #2: trace (application/zip) ─────────────────────────────────────────────────────────
    test-results/auth-authentication-shows--a0ad4-ssage-for-wrong-credentials-chromium/trace.zip
    Usage:

        npx playwright show-trace test-results/auth-authentication-shows--a0ad4-ssage-for-wrong-credentials-chromium/trace.zip

    ────────────────────────────────────────────────────────────────────────────────────────────────

  4) [chromium] › tests/auth.spec.js:50:3 › authentication › validates the password policy before calling the API 

    Error: browserType.launch: Target page, context or browser has been closed
    Browser logs:

    <launching> /home/user/.cache/ms-playwright/chromium_headless_shell-1243/chrome-headless-shell-linux64/chrome-headless-shell --disable-field-trial-config --disable-background-networking --disable-background-timer-throttling --disable-backgrounding-occluded-windows --disable-back-forward-cache --disable-breakpad --disable-client-side-phishing-detection --disable-component-extensions-with-background-pages --disable-component-update --no-default-browser-check --disable-default-apps --disable-dev-shm-usage --disable-edgeupdater --disable-extensions --disable-features=AvoidUnnecessaryBeforeUnloadCheckSync,DestroyProfileOnBrowserClose,DialMediaRouteProvider,GlobalMediaControls,HttpsUpgrades,LensOverlay,MediaRouter,PaintHolding,ThirdPartyStoragePartitioning,BlockOriginHeaderModificationOnRedirect,Translate,AutoDeElevate,OptimizationHints,msForceBrowserSignIn,msEdgeUpdateLaunchServicesPreferredVersion --enable-features=CDPScreenshotNewSurface --allow-pre-commit-input --disable-hang-monitor --disable-ipc-flooding-protection --disable-popup-blocking --disable-prompt-on-repost --disable-renderer-backgrounding --disable-updater-scheduler --force-color-profile=srgb --metrics-recording-only --no-first-run --password-store=basic --use-mock-keychain --no-service-autorun --export-tagged-pdf --disable-search-engine-choice-screen --unsafely-disable-devtools-self-xss-warnings --edge-skip-compat-layer-relaunch --disable-infobars --disable-search-engine-choice-screen --disable-sync --enable-unsafe-swiftshader --headless --hide-scrollbars --mute-audio --blink-settings=primaryHoverType=2,availableHoverTypes=2,primaryPointerType=4,availablePointerTypes=4 --no-sandbox --user-data-dir=/tmp/playwright_chromiumdev_profile-pged2u --remote-debugging-pipe --no-startup-window
    <launched> pid=3046
    [pid=3046][err] /home/user/.cache/ms-playwright/chromium_headless_shell-1243/chrome-headless-shell-linux64/chrome-headless-shell: error while loading shared libraries: libnspr4.so: cannot open shared object file: No such file or directory
    Call log:
      - <launching> /home/user/.cache/ms-playwright/chromium_headless_shell-1243/chrome-headless-shell-linux64/chrome-headless-shell --disable-field-trial-config --disable-background-networking --disable-background-timer-throttling --disable-backgrounding-occluded-windows --disable-back-forward-cache --disable-breakpad --disable-client-side-phishing-detection --disable-component-extensions-with-background-pages --disable-component-update --no-default-browser-check --disable-default-apps --disable-dev-shm-usage --disable-edgeupdater --disable-extensions --disable-features=AvoidUnnecessaryBeforeUnloadCheckSync,DestroyProfileOnBrowserClose,DialMediaRouteProvider,GlobalMediaControls,HttpsUpgrades,LensOverlay,MediaRouter,PaintHolding,ThirdPartyStoragePartitioning,BlockOriginHeaderModificationOnRedirect,Translate,AutoDeElevate,OptimizationHints,msForceBrowserSignIn,msEdgeUpdateLaunchServicesPreferredVersion --enable-features=CDPScreenshotNewSurface --allow-pre-commit-input --disable-hang-monitor --disable-ipc-flooding-protection --disable-popup-blocking --disable-prompt-on-repost --disable-renderer-backgrounding --disable-updater-scheduler --force-color-profile=srgb --metrics-recording-only --no-first-run --password-store=basic --use-mock-keychain --no-service-autorun --export-tagged-pdf --disable-search-engine-choice-screen --unsafely-disable-devtools-self-xss-warnings --edge-skip-compat-layer-relaunch --disable-infobars --disable-search-engine-choice-screen --disable-sync --enable-unsafe-swiftshader --headless --hide-scrollbars --mute-audio --blink-settings=primaryHoverType=2,availableHoverTypes=2,primaryPointerType=4,availablePointerTypes=4 --no-sandbox --user-data-dir=/tmp/playwright_chromiumdev_profile-pged2u --remote-debugging-pipe --no-startup-window
      - <launched> pid=3046
      - [pid=3046][err] /home/user/.cache/ms-playwright/chromium_headless_shell-1243/chrome-headless-shell-linux64/chrome-headless-shell: error while loading shared libraries: libnspr4.so: cannot open shared object file: No such file or directory
      - [pid=3046] <gracefully close start>
      - [pid=3046] <kill>
      - [pid=3046] <will force kill>
      - [pid=3046] exception while trying to kill process: Error: kill ESRCH
      - [pid=3046] <process did exit: exitCode=127, signal=null>
      - [pid=3046] starting temporary directories cleanup
      - [pid=3046] finished temporary directories cleanup
      - [pid=3046] <gracefully close end>


    Error Context: test-results/auth-authentication-valida-a4b66-licy-before-calling-the-API-chromium/error-context.md

    attachment #2: trace (application/zip) ─────────────────────────────────────────────────────────
    test-results/auth-authentication-valida-a4b66-licy-before-calling-the-API-chromium/trace.zip
    Usage:

        npx playwright show-trace test-results/auth-authentication-valida-a4b66-licy-before-calling-the-API-chromium/trace.zip

    ────────────────────────────────────────────────────────────────────────────────────────────────

  5) [chromium] › tests/auth.spec.js:61:3 › authentication › drops an invalid stored token and falls back to guest mode 

    Error: browserType.launch: Target page, context or browser has been closed
    Browser logs:

    <launching> /home/user/.cache/ms-playwright/chromium_headless_shell-1243/chrome-headless-shell-linux64/chrome-headless-shell --disable-field-trial-config --disable-background-networking --disable-background-timer-throttling --disable-backgrounding-occluded-windows --disable-back-forward-cache --disable-breakpad --disable-client-side-phishing-detection --disable-component-extensions-with-background-pages --disable-component-update --no-default-browser-check --disable-default-apps --disable-dev-shm-usage --disable-edgeupdater --disable-extensions --disable-features=AvoidUnnecessaryBeforeUnloadCheckSync,DestroyProfileOnBrowserClose,DialMediaRouteProvider,GlobalMediaControls,HttpsUpgrades,LensOverlay,MediaRouter,PaintHolding,ThirdPartyStoragePartitioning,BlockOriginHeaderModificationOnRedirect,Translate,AutoDeElevate,OptimizationHints,msForceBrowserSignIn,msEdgeUpdateLaunchServicesPreferredVersion --enable-features=CDPScreenshotNewSurface --allow-pre-commit-input --disable-hang-monitor --disable-ipc-flooding-protection --disable-popup-blocking --disable-prompt-on-repost --disable-renderer-backgrounding --disable-updater-scheduler --force-color-profile=srgb --metrics-recording-only --no-first-run --password-store=basic --use-mock-keychain --no-service-autorun --export-tagged-pdf --disable-search-engine-choice-screen --unsafely-disable-devtools-self-xss-warnings --edge-skip-compat-layer-relaunch --disable-infobars --disable-search-engine-choice-screen --disable-sync --enable-unsafe-swiftshader --headless --hide-scrollbars --mute-audio --blink-settings=primaryHoverType=2,availableHoverTypes=2,primaryPointerType=4,availablePointerTypes=4 --no-sandbox --user-data-dir=/tmp/playwright_chromiumdev_profile-pa9Pcz --remote-debugging-pipe --no-startup-window
    <launched> pid=3059
    [pid=3059][err] /home/user/.cache/ms-playwright/chromium_headless_shell-1243/chrome-headless-shell-linux64/chrome-headless-shell: error while loading shared libraries: libnspr4.so: cannot open shared object file: No such file or directory
    Call log:
      - <launching> /home/user/.cache/ms-playwright/chromium_headless_shell-1243/chrome-headless-shell-linux64/chrome-headless-shell --disable-field-trial-config --disable-background-networking --disable-background-timer-throttling --disable-backgrounding-occluded-windows --disable-back-forward-cache --disable-breakpad --disable-client-side-phishing-detection --disable-component-extensions-with-background-pages --disable-component-update --no-default-browser-check --disable-default-apps --disable-dev-shm-usage --disable-edgeupdater --disable-extensions --disable-features=AvoidUnnecessaryBeforeUnloadCheckSync,DestroyProfileOnBrowserClose,DialMediaRouteProvider,GlobalMediaControls,HttpsUpgrades,LensOverlay,MediaRouter,PaintHolding,ThirdPartyStoragePartitioning,BlockOriginHeaderModificationOnRedirect,Translate,AutoDeElevate,OptimizationHints,msForceBrowserSignIn,msEdgeUpdateLaunchServicesPreferredVersion --enable-features=CDPScreenshotNewSurface --allow-pre-commit-input --disable-hang-monitor --disable-ipc-flooding-protection --disable-popup-blocking --disable-prompt-on-repost --disable-renderer-backgrounding --disable-updater-scheduler --force-color-profile=srgb --metrics-recording-only --no-first-run --password-store=basic --use-mock-keychain --no-service-autorun --export-tagged-pdf --disable-search-engine-choice-screen --unsafely-disable-devtools-self-xss-warnings --edge-skip-compat-layer-relaunch --disable-infobars --disable-search-engine-choice-screen --disable-sync --enable-unsafe-swiftshader --headless --hide-scrollbars --mute-audio --blink-settings=primaryHoverType=2,availableHoverTypes=2,primaryPointerType=4,availablePointerTypes=4 --no-sandbox --user-data-dir=/tmp/playwright_chromiumdev_profile-pa9Pcz --remote-debugging-pipe --no-startup-window
      - <launched> pid=3059
      - [pid=3059][err] /home/user/.cache/ms-playwright/chromium_headless_shell-1243/chrome-headless-shell-linux64/chrome-headless-shell: error while loading shared libraries: libnspr4.so: cannot open shared object file: No such file or directory
      - [pid=3059] <gracefully close start>
      - [pid=3059] <kill>
      - [pid=3059] <will force kill>
      - [pid=3059] exception while trying to kill process: Error: kill ESRCH
      - [pid=3059] <process did exit: exitCode=127, signal=null>
      - [pid=3059] starting temporary directories cleanup
      - [pid=3059] finished temporary directories cleanup
      - [pid=3059] <gracefully close end>


    Error Context: test-results/auth-authentication-drops--8b166-nd-falls-back-to-guest-mode-chromium/error-context.md

    attachment #2: trace (application/zip) ─────────────────────────────────────────────────────────
    test-results/auth-authentication-drops--8b166-nd-falls-back-to-guest-mode-chromium/trace.zip
    Usage:

        npx playwright show-trace test-results/auth-authentication-drops--8b166-nd-falls-back-to-guest-mode-chromium/trace.zip

    ────────────────────────────────────────────────────────────────────────────────────────────────

  6) [chromium] › tests/auth.spec.js:70:3 › authentication › signs out back to guest mode ──────────

    Error: browserType.launch: Target page, context or browser has been closed
    Browser logs:

    <launching> /home/user/.cache/ms-playwright/chromium_headless_shell-1243/chrome-headless-shell-linux64/chrome-headless-shell --disable-field-trial-config --disable-background-networking --disable-background-timer-throttling --disable-backgrounding-occluded-windows --disable-back-forward-cache --disable-breakpad --disable-client-side-phishing-detection --disable-component-extensions-with-background-pages --disable-component-update --no-default-browser-check --disable-default-apps --disable-dev-shm-usage --disable-edgeupdater --disable-extensions --disable-features=AvoidUnnecessaryBeforeUnloadCheckSync,DestroyProfileOnBrowserClose,DialMediaRouteProvider,GlobalMediaControls,HttpsUpgrades,LensOverlay,MediaRouter,PaintHolding,ThirdPartyStoragePartitioning,BlockOriginHeaderModificationOnRedirect,Translate,AutoDeElevate,OptimizationHints,msForceBrowserSignIn,msEdgeUpdateLaunchServicesPreferredVersion --enable-features=CDPScreenshotNewSurface --allow-pre-commit-input --disable-hang-monitor --disable-ipc-flooding-protection --disable-popup-blocking --disable-prompt-on-repost --disable-renderer-backgrounding --disable-updater-scheduler --force-color-profile=srgb --metrics-recording-only --no-first-run --password-store=basic --use-mock-keychain --no-service-autorun --export-tagged-pdf --disable-search-engine-choice-screen --unsafely-disable-devtools-self-xss-warnings --edge-skip-compat-layer-relaunch --disable-infobars --disable-search-engine-choice-screen --disable-sync --enable-unsafe-swiftshader --headless --hide-scrollbars --mute-audio --blink-settings=primaryHoverType=2,availableHoverTypes=2,primaryPointerType=4,availablePointerTypes=4 --no-sandbox --user-data-dir=/tmp/playwright_chromiumdev_profile-373sYT --remote-debugging-pipe --no-startup-window
    <launched> pid=3072
    [pid=3072][err] /home/user/.cache/ms-playwright/chromium_headless_shell-1243/chrome-headless-shell-linux64/chrome-headless-shell: error while loading shared libraries: libnspr4.so: cannot open shared object file: No such file or directory
    Call log:
      - <launching> /home/user/.cache/ms-playwright/chromium_headless_shell-1243/chrome-headless-shell-linux64/chrome-headless-shell --disable-field-trial-config --disable-background-networking --disable-background-timer-throttling --disable-backgrounding-occluded-windows --disable-back-forward-cache --disable-breakpad --disable-client-side-phishing-detection --disable-component-extensions-with-background-pages --disable-component-update --no-default-browser-check --disable-default-apps --disable-dev-shm-usage --disable-edgeupdater --disable-extensions --disable-features=AvoidUnnecessaryBeforeUnloadCheckSync,DestroyProfileOnBrowserClose,DialMediaRouteProvider,GlobalMediaControls,HttpsUpgrades,LensOverlay,MediaRouter,PaintHolding,ThirdPartyStoragePartitioning,BlockOriginHeaderModificationOnRedirect,Translate,AutoDeElevate,OptimizationHints,msForceBrowserSignIn,msEdgeUpdateLaunchServicesPreferredVersion --enable-features=CDPScreenshotNewSurface --allow-pre-commit-input --disable-hang-monitor --disable-ipc-flooding-protection --disable-popup-blocking --disable-prompt-on-repost --disable-renderer-backgrounding --disable-updater-scheduler --force-color-profile=srgb --metrics-recording-only --no-first-run --password-store=basic --use-mock-keychain --no-service-autorun --export-tagged-pdf --disable-search-engine-choice-screen --unsafely-disable-devtools-self-xss-warnings --edge-skip-compat-layer-relaunch --disable-infobars --disable-search-engine-choice-screen --disable-sync --enable-unsafe-swiftshader --headless --hide-scrollbars --mute-audio --blink-settings=primaryHoverType=2,availableHoverTypes=2,primaryPointerType=4,availablePointerTypes=4 --no-sandbox --user-data-dir=/tmp/playwright_chromiumdev_profile-373sYT --remote-debugging-pipe --no-startup-window
      - <launched> pid=3072
      - [pid=3072][err] /home/user/.cache/ms-playwright/chromium_headless_shell-1243/chrome-headless-shell-linux64/chrome-headless-shell: error while loading shared libraries: libnspr4.so: cannot open shared object file: No such file or directory
      - [pid=3072] <gracefully close start>
      - [pid=3072] <kill>
      - [pid=3072] <will force kill>
      - [pid=3072] exception while trying to kill process: Error: kill ESRCH
      - [pid=3072] <process did exit: exitCode=127, signal=null>
      - [pid=3072] starting temporary directories cleanup
      - [pid=3072] finished temporary directories cleanup
      - [pid=3072] <gracefully close end>


    Error Context: test-results/auth-authentication-signs-out-back-to-guest-mode-chromium/error-context.md

    attachment #2: trace (application/zip) ─────────────────────────────────────────────────────────
    test-results/auth-authentication-signs-out-back-to-guest-mode-chromium/trace.zip
    Usage:

        npx playwright show-trace test-results/auth-authentication-signs-out-back-to-guest-mode-chromium/trace.zip

    ────────────────────────────────────────────────────────────────────────────────────────────────

  7) [chromium] › tests/auth.spec.js:80:3 › authentication › the demo credentials are exactly what the README documents 

    Error: browserType.launch: Target page, context or browser has been closed
    Browser logs:

    <launching> /home/user/.cache/ms-playwright/chromium_headless_shell-1243/chrome-headless-shell-linux64/chrome-headless-shell --disable-field-trial-config --disable-background-networking --disable-background-timer-throttling --disable-backgrounding-occluded-windows --disable-back-forward-cache --disable-breakpad --disable-client-side-phishing-detection --disable-component-extensions-with-background-pages --disable-component-update --no-default-browser-check --disable-default-apps --disable-dev-shm-usage --disable-edgeupdater --disable-extensions --disable-features=AvoidUnnecessaryBeforeUnloadCheckSync,DestroyProfileOnBrowserClose,DialMediaRouteProvider,GlobalMediaControls,HttpsUpgrades,LensOverlay,MediaRouter,PaintHolding,ThirdPartyStoragePartitioning,BlockOriginHeaderModificationOnRedirect,Translate,AutoDeElevate,OptimizationHints,msForceBrowserSignIn,msEdgeUpdateLaunchServicesPreferredVersion --enable-features=CDPScreenshotNewSurface --allow-pre-commit-input --disable-hang-monitor --disable-ipc-flooding-protection --disable-popup-blocking --disable-prompt-on-repost --disable-renderer-backgrounding --disable-updater-scheduler --force-color-profile=srgb --metrics-recording-only --no-first-run --password-store=basic --use-mock-keychain --no-service-autorun --export-tagged-pdf --disable-search-engine-choice-screen --unsafely-disable-devtools-self-xss-warnings --edge-skip-compat-layer-relaunch --disable-infobars --disable-search-engine-choice-screen --disable-sync --enable-unsafe-swiftshader --headless --hide-scrollbars --mute-audio --blink-settings=primaryHoverType=2,availableHoverTypes=2,primaryPointerType=4,availablePointerTypes=4 --no-sandbox --user-data-dir=/tmp/playwright_chromiumdev_profile-rcfVmv --remote-debugging-pipe --no-startup-window
    <launched> pid=3085
    [pid=3085][err] /home/user/.cache/ms-playwright/chromium_headless_shell-1243/chrome-headless-shell-linux64/chrome-headless-shell: error while loading shared libraries: libnspr4.so: cannot open shared object file: No such file or directory
    Call log:
      - <launching> /home/user/.cache/ms-playwright/chromium_headless_shell-1243/chrome-headless-shell-linux64/chrome-headless-shell --disable-field-trial-config --disable-background-networking --disable-background-timer-throttling --disable-backgrounding-occluded-windows --disable-back-forward-cache --disable-breakpad --disable-client-side-phishing-detection --disable-component-extensions-with-background-pages --disable-component-update --no-default-browser-check --disable-default-apps --disable-dev-shm-usage --disable-edgeupdater --disable-extensions --disable-features=AvoidUnnecessaryBeforeUnloadCheckSync,DestroyProfileOnBrowserClose,DialMediaRouteProvider,GlobalMediaControls,HttpsUpgrades,LensOverlay,MediaRouter,PaintHolding,ThirdPartyStoragePartitioning,BlockOriginHeaderModificationOnRedirect,Translate,AutoDeElevate,OptimizationHints,msForceBrowserSignIn,msEdgeUpdateLaunchServicesPreferredVersion --enable-features=CDPScreenshotNewSurface --allow-pre-commit-input --disable-hang-monitor --disable-ipc-flooding-protection --disable-popup-blocking --disable-prompt-on-repost --disable-renderer-backgrounding --disable-updater-scheduler --force-color-profile=srgb --metrics-recording-only --no-first-run --password-store=basic --use-mock-keychain --no-service-autorun --export-tagged-pdf --disable-search-engine-choice-screen --unsafely-disable-devtools-self-xss-warnings --edge-skip-compat-layer-relaunch --disable-infobars --disable-search-engine-choice-screen --disable-sync --enable-unsafe-swiftshader --headless --hide-scrollbars --mute-audio --blink-settings=primaryHoverType=2,availableHoverTypes=2,primaryPointerType=4,availablePointerTypes=4 --no-sandbox --user-data-dir=/tmp/playwright_chromiumdev_profile-rcfVmv --remote-debugging-pipe --no-startup-window
      - <launched> pid=3085
      - [pid=3085][err] /home/user/.cache/ms-playwright/chromium_headless_shell-1243/chrome-headless-shell-linux64/chrome-headless-shell: error while loading shared libraries: libnspr4.so: cannot open shared object file: No such file or directory
      - [pid=3085] <gracefully close start>
      - [pid=3085] <kill>
      - [pid=3085] <will force kill>
      - [pid=3085] exception while trying to kill process: Error: kill ESRCH
      - [pid=3085] <process did exit: exitCode=127, signal=null>
      - [pid=3085] starting temporary directories cleanup
      - [pid=3085] finished temporary directories cleanup
      - [pid=3085] <gracefully close end>


    Error Context: test-results/auth-authentication-the-de-d8daa-y-what-the-README-documents-chromium/error-context.md

    attachment #2: trace (application/zip) ─────────────────────────────────────────────────────────
    test-results/auth-authentication-the-de-d8daa-y-what-the-README-documents-chromium/trace.zip
    Usage:

        npx playwright show-trace test-results/auth-authentication-the-de-d8daa-y-what-the-README-documents-chromium/trace.zip

    ────────────────────────────────────────────────────────────────────────────────────────────────

  8) [chromium] › tests/crud.spec.js:19:3 › transaction CRUD (client ⇄ API ⇄ MongoDB) › creates a transaction and it survives a reload 

    Error: browserType.launch: Target page, context or browser has been closed
    Browser logs:

    <launching> /home/user/.cache/ms-playwright/chromium_headless_shell-1243/chrome-headless-shell-linux64/chrome-headless-shell --disable-field-trial-config --disable-background-networking --disable-background-timer-throttling --disable-backgrounding-occluded-windows --disable-back-forward-cache --disable-breakpad --disable-client-side-phishing-detection --disable-component-extensions-with-background-pages --disable-component-update --no-default-browser-check --disable-default-apps --disable-dev-shm-usage --disable-edgeupdater --disable-extensions --disable-features=AvoidUnnecessaryBeforeUnloadCheckSync,DestroyProfileOnBrowserClose,DialMediaRouteProvider,GlobalMediaControls,HttpsUpgrades,LensOverlay,MediaRouter,PaintHolding,ThirdPartyStoragePartitioning,BlockOriginHeaderModificationOnRedirect,Translate,AutoDeElevate,OptimizationHints,msForceBrowserSignIn,msEdgeUpdateLaunchServicesPreferredVersion --enable-features=CDPScreenshotNewSurface --allow-pre-commit-input --disable-hang-monitor --disable-ipc-flooding-protection --disable-popup-blocking --disable-prompt-on-repost --disable-renderer-backgrounding --disable-updater-scheduler --force-color-profile=srgb --metrics-recording-only --no-first-run --password-store=basic --use-mock-keychain --no-service-autorun --export-tagged-pdf --disable-search-engine-choice-screen --unsafely-disable-devtools-self-xss-warnings --edge-skip-compat-layer-relaunch --disable-infobars --disable-search-engine-choice-screen --disable-sync --enable-unsafe-swiftshader --headless --hide-scrollbars --mute-audio --blink-settings=primaryHoverType=2,availableHoverTypes=2,primaryPointerType=4,availablePointerTypes=4 --no-sandbox --user-data-dir=/tmp/playwright_chromiumdev_profile-TemB3t --remote-debugging-pipe --no-startup-window
    <launched> pid=3098
    [pid=3098][err] /home/user/.cache/ms-playwright/chromium_headless_shell-1243/chrome-headless-shell-linux64/chrome-headless-shell: error while loading shared libraries: libnspr4.so: cannot open shared object file: No such file or directory
    Call log:
      - <launching> /home/user/.cache/ms-playwright/chromium_headless_shell-1243/chrome-headless-shell-linux64/chrome-headless-shell --disable-field-trial-config --disable-background-networking --disable-background-timer-throttling --disable-backgrounding-occluded-windows --disable-back-forward-cache --disable-breakpad --disable-client-side-phishing-detection --disable-component-extensions-with-background-pages --disable-component-update --no-default-browser-check --disable-default-apps --disable-dev-shm-usage --disable-edgeupdater --disable-extensions --disable-features=AvoidUnnecessaryBeforeUnloadCheckSync,DestroyProfileOnBrowserClose,DialMediaRouteProvider,GlobalMediaControls,HttpsUpgrades,LensOverlay,MediaRouter,PaintHolding,ThirdPartyStoragePartitioning,BlockOriginHeaderModificationOnRedirect,Translate,AutoDeElevate,OptimizationHints,msForceBrowserSignIn,msEdgeUpdateLaunchServicesPreferredVersion --enable-features=CDPScreenshotNewSurface --allow-pre-commit-input --disable-hang-monitor --disable-ipc-flooding-protection --disable-popup-blocking --disable-prompt-on-repost --disable-renderer-backgrounding --disable-updater-scheduler --force-color-profile=srgb --metrics-recording-only --no-first-run --password-store=basic --use-mock-keychain --no-service-autorun --export-tagged-pdf --disable-search-engine-choice-screen --unsafely-disable-devtools-self-xss-warnings --edge-skip-compat-layer-relaunch --disable-infobars --disable-search-engine-choice-screen --disable-sync --enable-unsafe-swiftshader --headless --hide-scrollbars --mute-audio --blink-settings=primaryHoverType=2,availableHoverTypes=2,primaryPointerType=4,availablePointerTypes=4 --no-sandbox --user-data-dir=/tmp/playwright_chromiumdev_profile-TemB3t --remote-debugging-pipe --no-startup-window
      - <launched> pid=3098
      - [pid=3098][err] /home/user/.cache/ms-playwright/chromium_headless_shell-1243/chrome-headless-shell-linux64/chrome-headless-shell: error while loading shared libraries: libnspr4.so: cannot open shared object file: No such file or directory
      - [pid=3098] <gracefully close start>
      - [pid=3098] <kill>
      - [pid=3098] <will force kill>
      - [pid=3098] exception while trying to kill process: Error: kill ESRCH
      - [pid=3098] <process did exit: exitCode=127, signal=null>
      - [pid=3098] starting temporary directories cleanup
      - [pid=3098] finished temporary directories cleanup
      - [pid=3098] <gracefully close end>


    Error Context: test-results/crud-transaction-CRUD-clie-a79ed-on-and-it-survives-a-reload-chromium/error-context.md

    attachment #2: trace (application/zip) ─────────────────────────────────────────────────────────
    test-results/crud-transaction-CRUD-clie-a79ed-on-and-it-survives-a-reload-chromium/trace.zip
    Usage:

        npx playwright show-trace test-results/crud-transaction-CRUD-clie-a79ed-on-and-it-survives-a-reload-chromium/trace.zip

    ────────────────────────────────────────────────────────────────────────────────────────────────

  9) [chromium] › tests/data-flow.spec.js:37:3 › server-side list + statistics › renders one server page at a time and paginates through the data 

    Error: browserType.launch: Target page, context or browser has been closed
    Browser logs:

    <launching> /home/user/.cache/ms-playwright/chromium_headless_shell-1243/chrome-headless-shell-linux64/chrome-headless-shell --disable-field-trial-config --disable-background-networking --disable-background-timer-throttling --disable-backgrounding-occluded-windows --disable-back-forward-cache --disable-breakpad --disable-client-side-phishing-detection --disable-component-extensions-with-background-pages --disable-component-update --no-default-browser-check --disable-default-apps --disable-dev-shm-usage --disable-edgeupdater --disable-extensions --disable-features=AvoidUnnecessaryBeforeUnloadCheckSync,DestroyProfileOnBrowserClose,DialMediaRouteProvider,GlobalMediaControls,HttpsUpgrades,LensOverlay,MediaRouter,PaintHolding,ThirdPartyStoragePartitioning,BlockOriginHeaderModificationOnRedirect,Translate,AutoDeElevate,OptimizationHints,msForceBrowserSignIn,msEdgeUpdateLaunchServicesPreferredVersion --enable-features=CDPScreenshotNewSurface --allow-pre-commit-input --disable-hang-monitor --disable-ipc-flooding-protection --disable-popup-blocking --disable-prompt-on-repost --disable-renderer-backgrounding --disable-updater-scheduler --force-color-profile=srgb --metrics-recording-only --no-first-run --password-store=basic --use-mock-keychain --no-service-autorun --export-tagged-pdf --disable-search-engine-choice-screen --unsafely-disable-devtools-self-xss-warnings --edge-skip-compat-layer-relaunch --disable-infobars --disable-search-engine-choice-screen --disable-sync --enable-unsafe-swiftshader --headless --hide-scrollbars --mute-audio --blink-settings=primaryHoverType=2,availableHoverTypes=2,primaryPointerType=4,availablePointerTypes=4 --no-sandbox --user-data-dir=/tmp/playwright_chromiumdev_profile-lDwP5e --remote-debugging-pipe --no-startup-window
    <launched> pid=3111
    [pid=3111][err] /home/user/.cache/ms-playwright/chromium_headless_shell-1243/chrome-headless-shell-linux64/chrome-headless-shell: error while loading shared libraries: libnspr4.so: cannot open shared object file: No such file or directory
    Call log:
      - <launching> /home/user/.cache/ms-playwright/chromium_headless_shell-1243/chrome-headless-shell-linux64/chrome-headless-shell --disable-field-trial-config --disable-background-networking --disable-background-timer-throttling --disable-backgrounding-occluded-windows --disable-back-forward-cache --disable-breakpad --disable-client-side-phishing-detection --disable-component-extensions-with-background-pages --disable-component-update --no-default-browser-check --disable-default-apps --disable-dev-shm-usage --disable-edgeupdater --disable-extensions --disable-features=AvoidUnnecessaryBeforeUnloadCheckSync,DestroyProfileOnBrowserClose,DialMediaRouteProvider,GlobalMediaControls,HttpsUpgrades,LensOverlay,MediaRouter,PaintHolding,ThirdPartyStoragePartitioning,BlockOriginHeaderModificationOnRedirect,Translate,AutoDeElevate,OptimizationHints,msForceBrowserSignIn,msEdgeUpdateLaunchServicesPreferredVersion --enable-features=CDPScreenshotNewSurface --allow-pre-commit-input --disable-hang-monitor --disable-ipc-flooding-protection --disable-popup-blocking --disable-prompt-on-repost --disable-renderer-backgrounding --disable-updater-scheduler --force-color-profile=srgb --metrics-recording-only --no-first-run --password-store=basic --use-mock-keychain --no-service-autorun --export-tagged-pdf --disable-search-engine-choice-screen --unsafely-disable-devtools-self-xss-warnings --edge-skip-compat-layer-relaunch --disable-infobars --disable-search-engine-choice-screen --disable-sync --enable-unsafe-swiftshader --headless --hide-scrollbars --mute-audio --blink-settings=primaryHoverType=2,availableHoverTypes=2,primaryPointerType=4,availablePointerTypes=4 --no-sandbox --user-data-dir=/tmp/playwright_chromiumdev_profile-lDwP5e --remote-debugging-pipe --no-startup-window
      - <launched> pid=3111
      - [pid=3111][err] /home/user/.cache/ms-playwright/chromium_headless_shell-1243/chrome-headless-shell-linux64/chrome-headless-shell: error while loading shared libraries: libnspr4.so: cannot open shared object file: No such file or directory
      - [pid=3111] <gracefully close start>
      - [pid=3111] <kill>
      - [pid=3111] <will force kill>
      - [pid=3111] exception while trying to kill process: Error: kill ESRCH
      - [pid=3111] <process did exit: exitCode=127, signal=null>
      - [pid=3111] starting temporary directories cleanup
      - [pid=3111] finished temporary directories cleanup
      - [pid=3111] <gracefully close end>


    Error Context: test-results/data-flow-server-side-list-6643f--paginates-through-the-data-chromium/error-context.md

    attachment #2: trace (application/zip) ─────────────────────────────────────────────────────────
    test-results/data-flow-server-side-list-6643f--paginates-through-the-data-chromium/trace.zip
    Usage:

        npx playwright show-trace test-results/data-flow-server-side-list-6643f--paginates-through-the-data-chromium/trace.zip

    ────────────────────────────────────────────────────────────────────────────────────────────────

  10) [chromium] › tests/data-flow.spec.js:51:3 › server-side list + statistics › filters by type on the server and keeps the query in the URL 

    Error: browserType.launch: Target page, context or browser has been closed
    Browser logs:

    <launching> /home/user/.cache/ms-playwright/chromium_headless_shell-1243/chrome-headless-shell-linux64/chrome-headless-shell --disable-field-trial-config --disable-background-networking --disable-background-timer-throttling --disable-backgrounding-occluded-windows --disable-back-forward-cache --disable-breakpad --disable-client-side-phishing-detection --disable-component-extensions-with-background-pages --disable-component-update --no-default-browser-check --disable-default-apps --disable-dev-shm-usage --disable-edgeupdater --disable-extensions --disable-features=AvoidUnnecessaryBeforeUnloadCheckSync,DestroyProfileOnBrowserClose,DialMediaRouteProvider,GlobalMediaControls,HttpsUpgrades,LensOverlay,MediaRouter,PaintHolding,ThirdPartyStoragePartitioning,BlockOriginHeaderModificationOnRedirect,Translate,AutoDeElevate,OptimizationHints,msForceBrowserSignIn,msEdgeUpdateLaunchServicesPreferredVersion --enable-features=CDPScreenshotNewSurface --allow-pre-commit-input --disable-hang-monitor --disable-ipc-flooding-protection --disable-popup-blocking --disable-prompt-on-repost --disable-renderer-backgrounding --disable-updater-scheduler --force-color-profile=srgb --metrics-recording-only --no-first-run --password-store=basic --use-mock-keychain --no-service-autorun --export-tagged-pdf --disable-search-engine-choice-screen --unsafely-disable-devtools-self-xss-warnings --edge-skip-compat-layer-relaunch --disable-infobars --disable-search-engine-choice-screen --disable-sync --enable-unsafe-swiftshader --headless --hide-scrollbars --mute-audio --blink-settings=primaryHoverType=2,availableHoverTypes=2,primaryPointerType=4,availablePointerTypes=4 --no-sandbox --user-data-dir=/tmp/playwright_chromiumdev_profile-vjfW5S --remote-debugging-pipe --no-startup-window
    <launched> pid=3124
    [pid=3124][err] /home/user/.cache/ms-playwright/chromium_headless_shell-1243/chrome-headless-shell-linux64/chrome-headless-shell: error while loading shared libraries: libnspr4.so: cannot open shared object file: No such file or directory
    Call log:
      - <launching> /home/user/.cache/ms-playwright/chromium_headless_shell-1243/chrome-headless-shell-linux64/chrome-headless-shell --disable-field-trial-config --disable-background-networking --disable-background-timer-throttling --disable-backgrounding-occluded-windows --disable-back-forward-cache --disable-breakpad --disable-client-side-phishing-detection --disable-component-extensions-with-background-pages --disable-component-update --no-default-browser-check --disable-default-apps --disable-dev-shm-usage --disable-edgeupdater --disable-extensions --disable-features=AvoidUnnecessaryBeforeUnloadCheckSync,DestroyProfileOnBrowserClose,DialMediaRouteProvider,GlobalMediaControls,HttpsUpgrades,LensOverlay,MediaRouter,PaintHolding,ThirdPartyStoragePartitioning,BlockOriginHeaderModificationOnRedirect,Translate,AutoDeElevate,OptimizationHints,msForceBrowserSignIn,msEdgeUpdateLaunchServicesPreferredVersion --enable-features=CDPScreenshotNewSurface --allow-pre-commit-input --disable-hang-monitor --disable-ipc-flooding-protection --disable-popup-blocking --disable-prompt-on-repost --disable-renderer-backgrounding --disable-updater-scheduler --force-color-profile=srgb --metrics-recording-only --no-first-run --password-store=basic --use-mock-keychain --no-service-autorun --export-tagged-pdf --disable-search-engine-choice-screen --unsafely-disable-devtools-self-xss-warnings --edge-skip-compat-layer-relaunch --disable-infobars --disable-search-engine-choice-screen --disable-sync --enable-unsafe-swiftshader --headless --hide-scrollbars --mute-audio --blink-settings=primaryHoverType=2,availableHoverTypes=2,primaryPointerType=4,availablePointerTypes=4 --no-sandbox --user-data-dir=/tmp/playwright_chromiumdev_profile-vjfW5S --remote-debugging-pipe --no-startup-window
      - <launched> pid=3124
      - [pid=3124][err] /home/user/.cache/ms-playwright/chromium_headless_shell-1243/chrome-headless-shell-linux64/chrome-headless-shell: error while loading shared libraries: libnspr4.so: cannot open shared object file: No such file or directory
      - [pid=3124] <gracefully close start>
      - [pid=3124] <kill>
      - [pid=3124] <will force kill>
      - [pid=3124] exception while trying to kill process: Error: kill ESRCH
      - [pid=3124] <process did exit: exitCode=127, signal=null>
      - [pid=3124] starting temporary directories cleanup
      - [pid=3124] finished temporary directories cleanup
      - [pid=3124] <gracefully close end>


    Error Context: test-results/data-flow-server-side-list-4c1a3--keeps-the-query-in-the-URL-chromium/error-context.md

    attachment #2: trace (application/zip) ─────────────────────────────────────────────────────────
    test-results/data-flow-server-side-list-4c1a3--keeps-the-query-in-the-URL-chromium/trace.zip
    Usage:

        npx playwright show-trace test-results/data-flow-server-side-list-4c1a3--keeps-the-query-in-the-URL-chromium/trace.zip

    ────────────────────────────────────────────────────────────────────────────────────────────────

  11) [chromium] › tests/data-flow.spec.js:65:3 › server-side list + statistics › searches across title and notes through the API 

    Error: browserType.launch: Target page, context or browser has been closed
    Browser logs:

    <launching> /home/user/.cache/ms-playwright/chromium_headless_shell-1243/chrome-headless-shell-linux64/chrome-headless-shell --disable-field-trial-config --disable-background-networking --disable-background-timer-throttling --disable-backgrounding-occluded-windows --disable-back-forward-cache --disable-breakpad --disable-client-side-phishing-detection --disable-component-extensions-with-background-pages --disable-component-update --no-default-browser-check --disable-default-apps --disable-dev-shm-usage --disable-edgeupdater --disable-extensions --disable-features=AvoidUnnecessaryBeforeUnloadCheckSync,DestroyProfileOnBrowserClose,DialMediaRouteProvider,GlobalMediaControls,HttpsUpgrades,LensOverlay,MediaRouter,PaintHolding,ThirdPartyStoragePartitioning,BlockOriginHeaderModificationOnRedirect,Translate,AutoDeElevate,OptimizationHints,msForceBrowserSignIn,msEdgeUpdateLaunchServicesPreferredVersion --enable-features=CDPScreenshotNewSurface --allow-pre-commit-input --disable-hang-monitor --disable-ipc-flooding-protection --disable-popup-blocking --disable-prompt-on-repost --disable-renderer-backgrounding --disable-updater-scheduler --force-color-profile=srgb --metrics-recording-only --no-first-run --password-store=basic --use-mock-keychain --no-service-autorun --export-tagged-pdf --disable-search-engine-choice-screen --unsafely-disable-devtools-self-xss-warnings --edge-skip-compat-layer-relaunch --disable-infobars --disable-search-engine-choice-screen --disable-sync --enable-unsafe-swiftshader --headless --hide-scrollbars --mute-audio --blink-settings=primaryHoverType=2,availableHoverTypes=2,primaryPointerType=4,availablePointerTypes=4 --no-sandbox --user-data-dir=/tmp/playwright_chromiumdev_profile-7Wg2n3 --remote-debugging-pipe --no-startup-window
    <launched> pid=3138
    [pid=3138][err] /home/user/.cache/ms-playwright/chromium_headless_shell-1243/chrome-headless-shell-linux64/chrome-headless-shell: error while loading shared libraries: libnspr4.so: cannot open shared object file: No such file or directory
    Call log:
      - <launching> /home/user/.cache/ms-playwright/chromium_headless_shell-1243/chrome-headless-shell-linux64/chrome-headless-shell --disable-field-trial-config --disable-background-networking --disable-background-timer-throttling --disable-backgrounding-occluded-windows --disable-back-forward-cache --disable-breakpad --disable-client-side-phishing-detection --disable-component-extensions-with-background-pages --disable-component-update --no-default-browser-check --disable-default-apps --disable-dev-shm-usage --disable-edgeupdater --disable-extensions --disable-features=AvoidUnnecessaryBeforeUnloadCheckSync,DestroyProfileOnBrowserClose,DialMediaRouteProvider,GlobalMediaControls,HttpsUpgrades,LensOverlay,MediaRouter,PaintHolding,ThirdPartyStoragePartitioning,BlockOriginHeaderModificationOnRedirect,Translate,AutoDeElevate,OptimizationHints,msForceBrowserSignIn,msEdgeUpdateLaunchServicesPreferredVersion --enable-features=CDPScreenshotNewSurface --allow-pre-commit-input --disable-hang-monitor --disable-ipc-flooding-protection --disable-popup-blocking --disable-prompt-on-repost --disable-renderer-backgrounding --disable-updater-scheduler --force-color-profile=srgb --metrics-recording-only --no-first-run --password-store=basic --use-mock-keychain --no-service-autorun --export-tagged-pdf --disable-search-engine-choice-screen --unsafely-disable-devtools-self-xss-warnings --edge-skip-compat-layer-relaunch --disable-infobars --disable-search-engine-choice-screen --disable-sync --enable-unsafe-swiftshader --headless --hide-scrollbars --mute-audio --blink-settings=primaryHoverType=2,availableHoverTypes=2,primaryPointerType=4,availablePointerTypes=4 --no-sandbox --user-data-dir=/tmp/playwright_chromiumdev_profile-7Wg2n3 --remote-debugging-pipe --no-startup-window
      - <launched> pid=3138
      - [pid=3138][err] /home/user/.cache/ms-playwright/chromium_headless_shell-1243/chrome-headless-shell-linux64/chrome-headless-shell: error while loading shared libraries: libnspr4.so: cannot open shared object file: No such file or directory
      - [pid=3138] <gracefully close start>
      - [pid=3138] <kill>
      - [pid=3138] <will force kill>
      - [pid=3138] exception while trying to kill process: Error: kill ESRCH
      - [pid=3138] <process did exit: exitCode=127, signal=null>
      - [pid=3138] starting temporary directories cleanup
      - [pid=3138] finished temporary directories cleanup
      - [pid=3138] <gracefully close end>


    Error Context: test-results/data-flow-server-side-list-403a1-e-and-notes-through-the-API-chromium/error-context.md

    attachment #2: trace (application/zip) ─────────────────────────────────────────────────────────
    test-results/data-flow-server-side-list-403a1-e-and-notes-through-the-API-chromium/trace.zip
    Usage:

        npx playwright show-trace test-results/data-flow-server-side-list-403a1-e-and-notes-through-the-API-chromium/trace.zip

    ────────────────────────────────────────────────────────────────────────────────────────────────

  12) [chromium] › tests/data-flow.spec.js:77:3 › server-side list + statistics › sorts on the server (highest amount first) 

    Error: browserType.launch: Target page, context or browser has been closed
    Browser logs:

    <launching> /home/user/.cache/ms-playwright/chromium_headless_shell-1243/chrome-headless-shell-linux64/chrome-headless-shell --disable-field-trial-config --disable-background-networking --disable-background-timer-throttling --disable-backgrounding-occluded-windows --disable-back-forward-cache --disable-breakpad --disable-client-side-phishing-detection --disable-component-extensions-with-background-pages --disable-component-update --no-default-browser-check --disable-default-apps --disable-dev-shm-usage --disable-edgeupdater --disable-extensions --disable-features=AvoidUnnecessaryBeforeUnloadCheckSync,DestroyProfileOnBrowserClose,DialMediaRouteProvider,GlobalMediaControls,HttpsUpgrades,LensOverlay,MediaRouter,PaintHolding,ThirdPartyStoragePartitioning,BlockOriginHeaderModificationOnRedirect,Translate,AutoDeElevate,OptimizationHints,msForceBrowserSignIn,msEdgeUpdateLaunchServicesPreferredVersion --enable-features=CDPScreenshotNewSurface --allow-pre-commit-input --disable-hang-monitor --disable-ipc-flooding-protection --disable-popup-blocking --disable-prompt-on-repost --disable-renderer-backgrounding --disable-updater-scheduler --force-color-profile=srgb --metrics-recording-only --no-first-run --password-store=basic --use-mock-keychain --no-service-autorun --export-tagged-pdf --disable-search-engine-choice-screen --unsafely-disable-devtools-self-xss-warnings --edge-skip-compat-layer-relaunch --disable-infobars --disable-search-engine-choice-screen --disable-sync --enable-unsafe-swiftshader --headless --hide-scrollbars --mute-audio --blink-settings=primaryHoverType=2,availableHoverTypes=2,primaryPointerType=4,availablePointerTypes=4 --no-sandbox --user-data-dir=/tmp/playwright_chromiumdev_profile-4N6UoP --remote-debugging-pipe --no-startup-window
    <launched> pid=3151
    [pid=3151][err] /home/user/.cache/ms-playwright/chromium_headless_shell-1243/chrome-headless-shell-linux64/chrome-headless-shell: error while loading shared libraries: libnspr4.so: cannot open shared object file: No such file or directory
    Call log:
      - <launching> /home/user/.cache/ms-playwright/chromium_headless_shell-1243/chrome-headless-shell-linux64/chrome-headless-shell --disable-field-trial-config --disable-background-networking --disable-background-timer-throttling --disable-backgrounding-occluded-windows --disable-back-forward-cache --disable-breakpad --disable-client-side-phishing-detection --disable-component-extensions-with-background-pages --disable-component-update --no-default-browser-check --disable-default-apps --disable-dev-shm-usage --disable-edgeupdater --disable-extensions --disable-features=AvoidUnnecessaryBeforeUnloadCheckSync,DestroyProfileOnBrowserClose,DialMediaRouteProvider,GlobalMediaControls,HttpsUpgrades,LensOverlay,MediaRouter,PaintHolding,ThirdPartyStoragePartitioning,BlockOriginHeaderModificationOnRedirect,Translate,AutoDeElevate,OptimizationHints,msForceBrowserSignIn,msEdgeUpdateLaunchServicesPreferredVersion --enable-features=CDPScreenshotNewSurface --allow-pre-commit-input --disable-hang-monitor --disable-ipc-flooding-protection --disable-popup-blocking --disable-prompt-on-repost --disable-renderer-backgrounding --disable-updater-scheduler --force-color-profile=srgb --metrics-recording-only --no-first-run --password-store=basic --use-mock-keychain --no-service-autorun --export-tagged-pdf --disable-search-engine-choice-screen --unsafely-disable-devtools-self-xss-warnings --edge-skip-compat-layer-relaunch --disable-infobars --disable-search-engine-choice-screen --disable-sync --enable-unsafe-swiftshader --headless --hide-scrollbars --mute-audio --blink-settings=primaryHoverType=2,availableHoverTypes=2,primaryPointerType=4,availablePointerTypes=4 --no-sandbox --user-data-dir=/tmp/playwright_chromiumdev_profile-4N6UoP --remote-debugging-pipe --no-startup-window
      - <launched> pid=3151
      - [pid=3151][err] /home/user/.cache/ms-playwright/chromium_headless_shell-1243/chrome-headless-shell-linux64/chrome-headless-shell: error while loading shared libraries: libnspr4.so: cannot open shared object file: No such file or directory
      - [pid=3151] <gracefully close start>
      - [pid=3151] <kill>
      - [pid=3151] <will force kill>
      - [pid=3151] exception while trying to kill process: Error: kill ESRCH
      - [pid=3151] <process did exit: exitCode=127, signal=null>
      - [pid=3151] starting temporary directories cleanup
      - [pid=3151] finished temporary directories cleanup
      - [pid=3151] <gracefully close end>


    Error Context: test-results/data-flow-server-side-list-ca3e4-erver-highest-amount-first--chromium/error-context.md

    attachment #2: trace (application/zip) ─────────────────────────────────────────────────────────
    test-results/data-flow-server-side-list-ca3e4-erver-highest-amount-first--chromium/trace.zip
    Usage:

        npx playwright show-trace test-results/data-flow-server-side-list-ca3e4-erver-highest-amount-first--chromium/trace.zip

    ────────────────────────────────────────────────────────────────────────────────────────────────

  13) [chromium] › tests/data-flow.spec.js:85:3 › server-side list + statistics › the stat cards show the numbers the API computed 

    Error: browserType.launch: Target page, context or browser has been closed
    Browser logs:

    <launching> /home/user/.cache/ms-playwright/chromium_headless_shell-1243/chrome-headless-shell-linux64/chrome-headless-shell --disable-field-trial-config --disable-background-networking --disable-background-timer-throttling --disable-backgrounding-occluded-windows --disable-back-forward-cache --disable-breakpad --disable-client-side-phishing-detection --disable-component-extensions-with-background-pages --disable-component-update --no-default-browser-check --disable-default-apps --disable-dev-shm-usage --disable-edgeupdater --disable-extensions --disable-features=AvoidUnnecessaryBeforeUnloadCheckSync,DestroyProfileOnBrowserClose,DialMediaRouteProvider,GlobalMediaControls,HttpsUpgrades,LensOverlay,MediaRouter,PaintHolding,ThirdPartyStoragePartitioning,BlockOriginHeaderModificationOnRedirect,Translate,AutoDeElevate,OptimizationHints,msForceBrowserSignIn,msEdgeUpdateLaunchServicesPreferredVersion --enable-features=CDPScreenshotNewSurface --allow-pre-commit-input --disable-hang-monitor --disable-ipc-flooding-protection --disable-popup-blocking --disable-prompt-on-repost --disable-renderer-backgrounding --disable-updater-scheduler --force-color-profile=srgb --metrics-recording-only --no-first-run --password-store=basic --use-mock-keychain --no-service-autorun --export-tagged-pdf --disable-search-engine-choice-screen --unsafely-disable-devtools-self-xss-warnings --edge-skip-compat-layer-relaunch --disable-infobars --disable-search-engine-choice-screen --disable-sync --enable-unsafe-swiftshader --headless --hide-scrollbars --mute-audio --blink-settings=primaryHoverType=2,availableHoverTypes=2,primaryPointerType=4,availablePointerTypes=4 --no-sandbox --user-data-dir=/tmp/playwright_chromiumdev_profile-uRXx40 --remote-debugging-pipe --no-startup-window
    <launched> pid=3164
    [pid=3164][err] /home/user/.cache/ms-playwright/chromium_headless_shell-1243/chrome-headless-shell-linux64/chrome-headless-shell: error while loading shared libraries: libnspr4.so: cannot open shared object file: No such file or directory
    Call log:
      - <launching> /home/user/.cache/ms-playwright/chromium_headless_shell-1243/chrome-headless-shell-linux64/chrome-headless-shell --disable-field-trial-config --disable-background-networking --disable-background-timer-throttling --disable-backgrounding-occluded-windows --disable-back-forward-cache --disable-breakpad --disable-client-side-phishing-detection --disable-component-extensions-with-background-pages --disable-component-update --no-default-browser-check --disable-default-apps --disable-dev-shm-usage --disable-edgeupdater --disable-extensions --disable-features=AvoidUnnecessaryBeforeUnloadCheckSync,DestroyProfileOnBrowserClose,DialMediaRouteProvider,GlobalMediaControls,HttpsUpgrades,LensOverlay,MediaRouter,PaintHolding,ThirdPartyStoragePartitioning,BlockOriginHeaderModificationOnRedirect,Translate,AutoDeElevate,OptimizationHints,msForceBrowserSignIn,msEdgeUpdateLaunchServicesPreferredVersion --enable-features=CDPScreenshotNewSurface --allow-pre-commit-input --disable-hang-monitor --disable-ipc-flooding-protection --disable-popup-blocking --disable-prompt-on-repost --disable-renderer-backgrounding --disable-updater-scheduler --force-color-profile=srgb --metrics-recording-only --no-first-run --password-store=basic --use-mock-keychain --no-service-autorun --export-tagged-pdf --disable-search-engine-choice-screen --unsafely-disable-devtools-self-xss-warnings --edge-skip-compat-layer-relaunch --disable-infobars --disable-search-engine-choice-screen --disable-sync --enable-unsafe-swiftshader --headless --hide-scrollbars --mute-audio --blink-settings=primaryHoverType=2,availableHoverTypes=2,primaryPointerType=4,availablePointerTypes=4 --no-sandbox --user-data-dir=/tmp/playwright_chromiumdev_profile-uRXx40 --remote-debugging-pipe --no-startup-window
      - <launched> pid=3164
      - [pid=3164][err] /home/user/.cache/ms-playwright/chromium_headless_shell-1243/chrome-headless-shell-linux64/chrome-headless-shell: error while loading shared libraries: libnspr4.so: cannot open shared object file: No such file or directory
      - [pid=3164] <gracefully close start>
      - [pid=3164] <kill>
      - [pid=3164] <will force kill>
      - [pid=3164] exception while trying to kill process: Error: kill ESRCH
      - [pid=3164] <process did exit: exitCode=127, signal=null>
      - [pid=3164] starting temporary directories cleanup
      - [pid=3164] finished temporary directories cleanup
      - [pid=3164] <gracefully close end>


    Error Context: test-results/data-flow-server-side-list-7c70a-he-numbers-the-API-computed-chromium/error-context.md

    attachment #2: trace (application/zip) ─────────────────────────────────────────────────────────
    test-results/data-flow-server-side-list-7c70a-he-numbers-the-API-computed-chromium/trace.zip
    Usage:

        npx playwright show-trace test-results/data-flow-server-side-list-7c70a-he-numbers-the-API-computed-chromium/trace.zip

    ────────────────────────────────────────────────────────────────────────────────────────────────

  14) [chromium] › tests/data-flow.spec.js:99:3 › server-side list + statistics › an empty account explains what to do next 

    Error: browserType.launch: Target page, context or browser has been closed
    Browser logs:

    <launching> /home/user/.cache/ms-playwright/chromium_headless_shell-1243/chrome-headless-shell-linux64/chrome-headless-shell --disable-field-trial-config --disable-background-networking --disable-background-timer-throttling --disable-backgrounding-occluded-windows --disable-back-forward-cache --disable-breakpad --disable-client-side-phishing-detection --disable-component-extensions-with-background-pages --disable-component-update --no-default-browser-check --disable-default-apps --disable-dev-shm-usage --disable-edgeupdater --disable-extensions --disable-features=AvoidUnnecessaryBeforeUnloadCheckSync,DestroyProfileOnBrowserClose,DialMediaRouteProvider,GlobalMediaControls,HttpsUpgrades,LensOverlay,MediaRouter,PaintHolding,ThirdPartyStoragePartitioning,BlockOriginHeaderModificationOnRedirect,Translate,AutoDeElevate,OptimizationHints,msForceBrowserSignIn,msEdgeUpdateLaunchServicesPreferredVersion --enable-features=CDPScreenshotNewSurface --allow-pre-commit-input --disable-hang-monitor --disable-ipc-flooding-protection --disable-popup-blocking --disable-prompt-on-repost --disable-renderer-backgrounding --disable-updater-scheduler --force-color-profile=srgb --metrics-recording-only --no-first-run --password-store=basic --use-mock-keychain --no-service-autorun --export-tagged-pdf --disable-search-engine-choice-screen --unsafely-disable-devtools-self-xss-warnings --edge-skip-compat-layer-relaunch --disable-infobars --disable-search-engine-choice-screen --disable-sync --enable-unsafe-swiftshader --headless --hide-scrollbars --mute-audio --blink-settings=primaryHoverType=2,availableHoverTypes=2,primaryPointerType=4,availablePointerTypes=4 --no-sandbox --user-data-dir=/tmp/playwright_chromiumdev_profile-9sxbm6 --remote-debugging-pipe --no-startup-window
    <launched> pid=3177
    [pid=3177][err] /home/user/.cache/ms-playwright/chromium_headless_shell-1243/chrome-headless-shell-linux64/chrome-headless-shell: error while loading shared libraries: libnspr4.so: cannot open shared object file: No such file or directory
    Call log:
      - <launching> /home/user/.cache/ms-playwright/chromium_headless_shell-1243/chrome-headless-shell-linux64/chrome-headless-shell --disable-field-trial-config --disable-background-networking --disable-background-timer-throttling --disable-backgrounding-occluded-windows --disable-back-forward-cache --disable-breakpad --disable-client-side-phishing-detection --disable-component-extensions-with-background-pages --disable-component-update --no-default-browser-check --disable-default-apps --disable-dev-shm-usage --disable-edgeupdater --disable-extensions --disable-features=AvoidUnnecessaryBeforeUnloadCheckSync,DestroyProfileOnBrowserClose,DialMediaRouteProvider,GlobalMediaControls,HttpsUpgrades,LensOverlay,MediaRouter,PaintHolding,ThirdPartyStoragePartitioning,BlockOriginHeaderModificationOnRedirect,Translate,AutoDeElevate,OptimizationHints,msForceBrowserSignIn,msEdgeUpdateLaunchServicesPreferredVersion --enable-features=CDPScreenshotNewSurface --allow-pre-commit-input --disable-hang-monitor --disable-ipc-flooding-protection --disable-popup-blocking --disable-prompt-on-repost --disable-renderer-backgrounding --disable-updater-scheduler --force-color-profile=srgb --metrics-recording-only --no-first-run --password-store=basic --use-mock-keychain --no-service-autorun --export-tagged-pdf --disable-search-engine-choice-screen --unsafely-disable-devtools-self-xss-warnings --edge-skip-compat-layer-relaunch --disable-infobars --disable-search-engine-choice-screen --disable-sync --enable-unsafe-swiftshader --headless --hide-scrollbars --mute-audio --blink-settings=primaryHoverType=2,availableHoverTypes=2,primaryPointerType=4,availablePointerTypes=4 --no-sandbox --user-data-dir=/tmp/playwright_chromiumdev_profile-9sxbm6 --remote-debugging-pipe --no-startup-window
      - <launched> pid=3177
      - [pid=3177][err] /home/user/.cache/ms-playwright/chromium_headless_shell-1243/chrome-headless-shell-linux64/chrome-headless-shell: error while loading shared libraries: libnspr4.so: cannot open shared object file: No such file or directory
      - [pid=3177] <gracefully close start>
      - [pid=3177] <kill>
      - [pid=3177] <will force kill>
      - [pid=3177] exception while trying to kill process: Error: kill ESRCH
      - [pid=3177] <process did exit: exitCode=127, signal=null>
      - [pid=3177] starting temporary directories cleanup
      - [pid=3177] finished temporary directories cleanup
      - [pid=3177] <gracefully close end>


    Error Context: test-results/data-flow-server-side-list-b9d3e-nt-explains-what-to-do-next-chromium/error-context.md

    attachment #2: trace (application/zip) ─────────────────────────────────────────────────────────
    test-results/data-flow-server-side-list-b9d3e-nt-explains-what-to-do-next-chromium/trace.zip
    Usage:

        npx playwright show-trace test-results/data-flow-server-side-list-b9d3e-nt-explains-what-to-do-next-chromium/trace.zip

    ────────────────────────────────────────────────────────────────────────────────────────────────

  15) [chromium] › tests/realtime.spec.js:13:3 › live sync across devices (SSE) › a transaction added on one device appears on the other instantly 

    Error: browserType.launch: Target page, context or browser has been closed
    Browser logs:

    <launching> /home/user/.cache/ms-playwright/chromium_headless_shell-1243/chrome-headless-shell-linux64/chrome-headless-shell --disable-field-trial-config --disable-background-networking --disable-background-timer-throttling --disable-backgrounding-occluded-windows --disable-back-forward-cache --disable-breakpad --disable-client-side-phishing-detection --disable-component-extensions-with-background-pages --disable-component-update --no-default-browser-check --disable-default-apps --disable-dev-shm-usage --disable-edgeupdater --disable-extensions --disable-features=AvoidUnnecessaryBeforeUnloadCheckSync,DestroyProfileOnBrowserClose,DialMediaRouteProvider,GlobalMediaControls,HttpsUpgrades,LensOverlay,MediaRouter,PaintHolding,ThirdPartyStoragePartitioning,BlockOriginHeaderModificationOnRedirect,Translate,AutoDeElevate,OptimizationHints,msForceBrowserSignIn,msEdgeUpdateLaunchServicesPreferredVersion --enable-features=CDPScreenshotNewSurface --allow-pre-commit-input --disable-hang-monitor --disable-ipc-flooding-protection --disable-popup-blocking --disable-prompt-on-repost --disable-renderer-backgrounding --disable-updater-scheduler --force-color-profile=srgb --metrics-recording-only --no-first-run --password-store=basic --use-mock-keychain --no-service-autorun --export-tagged-pdf --disable-search-engine-choice-screen --unsafely-disable-devtools-self-xss-warnings --edge-skip-compat-layer-relaunch --disable-infobars --disable-search-engine-choice-screen --disable-sync --enable-unsafe-swiftshader --headless --hide-scrollbars --mute-audio --blink-settings=primaryHoverType=2,availableHoverTypes=2,primaryPointerType=4,availablePointerTypes=4 --no-sandbox --user-data-dir=/tmp/playwright_chromiumdev_profile-tToQXD --remote-debugging-pipe --no-startup-window
    <launched> pid=3190
    [pid=3190][err] /home/user/.cache/ms-playwright/chromium_headless_shell-1243/chrome-headless-shell-linux64/chrome-headless-shell: error while loading shared libraries: libnspr4.so: cannot open shared object file: No such file or directory
    Call log:
      - <launching> /home/user/.cache/ms-playwright/chromium_headless_shell-1243/chrome-headless-shell-linux64/chrome-headless-shell --disable-field-trial-config --disable-background-networking --disable-background-timer-throttling --disable-backgrounding-occluded-windows --disable-back-forward-cache --disable-breakpad --disable-client-side-phishing-detection --disable-component-extensions-with-background-pages --disable-component-update --no-default-browser-check --disable-default-apps --disable-dev-shm-usage --disable-edgeupdater --disable-extensions --disable-features=AvoidUnnecessaryBeforeUnloadCheckSync,DestroyProfileOnBrowserClose,DialMediaRouteProvider,GlobalMediaControls,HttpsUpgrades,LensOverlay,MediaRouter,PaintHolding,ThirdPartyStoragePartitioning,BlockOriginHeaderModificationOnRedirect,Translate,AutoDeElevate,OptimizationHints,msForceBrowserSignIn,msEdgeUpdateLaunchServicesPreferredVersion --enable-features=CDPScreenshotNewSurface --allow-pre-commit-input --disable-hang-monitor --disable-ipc-flooding-protection --disable-popup-blocking --disable-prompt-on-repost --disable-renderer-backgrounding --disable-updater-scheduler --force-color-profile=srgb --metrics-recording-only --no-first-run --password-store=basic --use-mock-keychain --no-service-autorun --export-tagged-pdf --disable-search-engine-choice-screen --unsafely-disable-devtools-self-xss-warnings --edge-skip-compat-layer-relaunch --disable-infobars --disable-search-engine-choice-screen --disable-sync --enable-unsafe-swiftshader --headless --hide-scrollbars --mute-audio --blink-settings=primaryHoverType=2,availableHoverTypes=2,primaryPointerType=4,availablePointerTypes=4 --no-sandbox --user-data-dir=/tmp/playwright_chromiumdev_profile-tToQXD --remote-debugging-pipe --no-startup-window
      - <launched> pid=3190
      - [pid=3190][err] /home/user/.cache/ms-playwright/chromium_headless_shell-1243/chrome-headless-shell-linux64/chrome-headless-shell: error while loading shared libraries: libnspr4.so: cannot open shared object file: No such file or directory
      - [pid=3190] <gracefully close start>
      - [pid=3190] <kill>
      - [pid=3190] <will force kill>
      - [pid=3190] exception while trying to kill process: Error: kill ESRCH
      - [pid=3190] <process did exit: exitCode=127, signal=null>
      - [pid=3190] starting temporary directories cleanup
      - [pid=3190] finished temporary directories cleanup
      - [pid=3190] <gracefully close end>


    Error Context: test-results/realtime-live-sync-across--11ff2-ears-on-the-other-instantly-chromium/error-context.md

    attachment #2: trace (application/zip) ─────────────────────────────────────────────────────────
    test-results/realtime-live-sync-across--11ff2-ears-on-the-other-instantly-chromium/trace.zip
    Usage:

        npx playwright show-trace test-results/realtime-live-sync-across--11ff2-ears-on-the-other-instantly-chromium/trace.zip

    ────────────────────────────────────────────────────────────────────────────────────────────────

  16) [chromium] › tests/realtime.spec.js:42:3 › live sync across devices (SSE) › deleting on one device removes the row on the other 

    Error: browserType.launch: Target page, context or browser has been closed
    Browser logs:

    <launching> /home/user/.cache/ms-playwright/chromium_headless_shell-1243/chrome-headless-shell-linux64/chrome-headless-shell --disable-field-trial-config --disable-background-networking --disable-background-timer-throttling --disable-backgrounding-occluded-windows --disable-back-forward-cache --disable-breakpad --disable-client-side-phishing-detection --disable-component-extensions-with-background-pages --disable-component-update --no-default-browser-check --disable-default-apps --disable-dev-shm-usage --disable-edgeupdater --disable-extensions --disable-features=AvoidUnnecessaryBeforeUnloadCheckSync,DestroyProfileOnBrowserClose,DialMediaRouteProvider,GlobalMediaControls,HttpsUpgrades,LensOverlay,MediaRouter,PaintHolding,ThirdPartyStoragePartitioning,BlockOriginHeaderModificationOnRedirect,Translate,AutoDeElevate,OptimizationHints,msForceBrowserSignIn,msEdgeUpdateLaunchServicesPreferredVersion --enable-features=CDPScreenshotNewSurface --allow-pre-commit-input --disable-hang-monitor --disable-ipc-flooding-protection --disable-popup-blocking --disable-prompt-on-repost --disable-renderer-backgrounding --disable-updater-scheduler --force-color-profile=srgb --metrics-recording-only --no-first-run --password-store=basic --use-mock-keychain --no-service-autorun --export-tagged-pdf --disable-search-engine-choice-screen --unsafely-disable-devtools-self-xss-warnings --edge-skip-compat-layer-relaunch --disable-infobars --disable-search-engine-choice-screen --disable-sync --enable-unsafe-swiftshader --headless --hide-scrollbars --mute-audio --blink-settings=primaryHoverType=2,availableHoverTypes=2,primaryPointerType=4,availablePointerTypes=4 --no-sandbox --user-data-dir=/tmp/playwright_chromiumdev_profile-0sNjxH --remote-debugging-pipe --no-startup-window
    <launched> pid=3203
    [pid=3203][err] /home/user/.cache/ms-playwright/chromium_headless_shell-1243/chrome-headless-shell-linux64/chrome-headless-shell: error while loading shared libraries: libnspr4.so: cannot open shared object file: No such file or directory
    Call log:
      - <launching> /home/user/.cache/ms-playwright/chromium_headless_shell-1243/chrome-headless-shell-linux64/chrome-headless-shell --disable-field-trial-config --disable-background-networking --disable-background-timer-throttling --disable-backgrounding-occluded-windows --disable-back-forward-cache --disable-breakpad --disable-client-side-phishing-detection --disable-component-extensions-with-background-pages --disable-component-update --no-default-browser-check --disable-default-apps --disable-dev-shm-usage --disable-edgeupdater --disable-extensions --disable-features=AvoidUnnecessaryBeforeUnloadCheckSync,DestroyProfileOnBrowserClose,DialMediaRouteProvider,GlobalMediaControls,HttpsUpgrades,LensOverlay,MediaRouter,PaintHolding,ThirdPartyStoragePartitioning,BlockOriginHeaderModificationOnRedirect,Translate,AutoDeElevate,OptimizationHints,msForceBrowserSignIn,msEdgeUpdateLaunchServicesPreferredVersion --enable-features=CDPScreenshotNewSurface --allow-pre-commit-input --disable-hang-monitor --disable-ipc-flooding-protection --disable-popup-blocking --disable-prompt-on-repost --disable-renderer-backgrounding --disable-updater-scheduler --force-color-profile=srgb --metrics-recording-only --no-first-run --password-store=basic --use-mock-keychain --no-service-autorun --export-tagged-pdf --disable-search-engine-choice-screen --unsafely-disable-devtools-self-xss-warnings --edge-skip-compat-layer-relaunch --disable-infobars --disable-search-engine-choice-screen --disable-sync --enable-unsafe-swiftshader --headless --hide-scrollbars --mute-audio --blink-settings=primaryHoverType=2,availableHoverTypes=2,primaryPointerType=4,availablePointerTypes=4 --no-sandbox --user-data-dir=/tmp/playwright_chromiumdev_profile-0sNjxH --remote-debugging-pipe --no-startup-window
      - <launched> pid=3203
      - [pid=3203][err] /home/user/.cache/ms-playwright/chromium_headless_shell-1243/chrome-headless-shell-linux64/chrome-headless-shell: error while loading shared libraries: libnspr4.so: cannot open shared object file: No such file or directory
      - [pid=3203] <gracefully close start>
      - [pid=3203] <kill>
      - [pid=3203] <will force kill>
      - [pid=3203] exception while trying to kill process: Error: kill ESRCH
      - [pid=3203] <process did exit: exitCode=127, signal=null>
      - [pid=3203] starting temporary directories cleanup
      - [pid=3203] finished temporary directories cleanup
      - [pid=3203] <gracefully close end>


    Error Context: test-results/realtime-live-sync-across--4897b-emoves-the-row-on-the-other-chromium/error-context.md

    attachment #2: trace (application/zip) ─────────────────────────────────────────────────────────
    test-results/realtime-live-sync-across--4897b-emoves-the-row-on-the-other-chromium/trace.zip
    Usage:

        npx playwright show-trace test-results/realtime-live-sync-across--4897b-emoves-the-row-on-the-other-chromium/trace.zip

    ────────────────────────────────────────────────────────────────────────────────────────────────

  17) [chromium] › tests/realtime.spec.js:69:3 › live sync across devices (SSE) › the stream endpoint reports the open connections 

    Error: browserType.launch: Target page, context or browser has been closed
    Browser logs:

    <launching> /home/user/.cache/ms-playwright/chromium_headless_shell-1243/chrome-headless-shell-linux64/chrome-headless-shell --disable-field-trial-config --disable-background-networking --disable-background-timer-throttling --disable-backgrounding-occluded-windows --disable-back-forward-cache --disable-breakpad --disable-client-side-phishing-detection --disable-component-extensions-with-background-pages --disable-component-update --no-default-browser-check --disable-default-apps --disable-dev-shm-usage --disable-edgeupdater --disable-extensions --disable-features=AvoidUnnecessaryBeforeUnloadCheckSync,DestroyProfileOnBrowserClose,DialMediaRouteProvider,GlobalMediaControls,HttpsUpgrades,LensOverlay,MediaRouter,PaintHolding,ThirdPartyStoragePartitioning,BlockOriginHeaderModificationOnRedirect,Translate,AutoDeElevate,OptimizationHints,msForceBrowserSignIn,msEdgeUpdateLaunchServicesPreferredVersion --enable-features=CDPScreenshotNewSurface --allow-pre-commit-input --disable-hang-monitor --disable-ipc-flooding-protection --disable-popup-blocking --disable-prompt-on-repost --disable-renderer-backgrounding --disable-updater-scheduler --force-color-profile=srgb --metrics-recording-only --no-first-run --password-store=basic --use-mock-keychain --no-service-autorun --export-tagged-pdf --disable-search-engine-choice-screen --unsafely-disable-devtools-self-xss-warnings --edge-skip-compat-layer-relaunch --disable-infobars --disable-search-engine-choice-screen --disable-sync --enable-unsafe-swiftshader --headless --hide-scrollbars --mute-audio --blink-settings=primaryHoverType=2,availableHoverTypes=2,primaryPointerType=4,availablePointerTypes=4 --no-sandbox --user-data-dir=/tmp/playwright_chromiumdev_profile-r2clUj --remote-debugging-pipe --no-startup-window
    <launched> pid=3216
    [pid=3216][err] /home/user/.cache/ms-playwright/chromium_headless_shell-1243/chrome-headless-shell-linux64/chrome-headless-shell: error while loading shared libraries: libnspr4.so: cannot open shared object file: No such file or directory
    Call log:
      - <launching> /home/user/.cache/ms-playwright/chromium_headless_shell-1243/chrome-headless-shell-linux64/chrome-headless-shell --disable-field-trial-config --disable-background-networking --disable-background-timer-throttling --disable-backgrounding-occluded-windows --disable-back-forward-cache --disable-breakpad --disable-client-side-phishing-detection --disable-component-extensions-with-background-pages --disable-component-update --no-default-browser-check --disable-default-apps --disable-dev-shm-usage --disable-edgeupdater --disable-extensions --disable-features=AvoidUnnecessaryBeforeUnloadCheckSync,DestroyProfileOnBrowserClose,DialMediaRouteProvider,GlobalMediaControls,HttpsUpgrades,LensOverlay,MediaRouter,PaintHolding,ThirdPartyStoragePartitioning,BlockOriginHeaderModificationOnRedirect,Translate,AutoDeElevate,OptimizationHints,msForceBrowserSignIn,msEdgeUpdateLaunchServicesPreferredVersion --enable-features=CDPScreenshotNewSurface --allow-pre-commit-input --disable-hang-monitor --disable-ipc-flooding-protection --disable-popup-blocking --disable-prompt-on-repost --disable-renderer-backgrounding --disable-updater-scheduler --force-color-profile=srgb --metrics-recording-only --no-first-run --password-store=basic --use-mock-keychain --no-service-autorun --export-tagged-pdf --disable-search-engine-choice-screen --unsafely-disable-devtools-self-xss-warnings --edge-skip-compat-layer-relaunch --disable-infobars --disable-search-engine-choice-screen --disable-sync --enable-unsafe-swiftshader --headless --hide-scrollbars --mute-audio --blink-settings=primaryHoverType=2,availableHoverTypes=2,primaryPointerType=4,availablePointerTypes=4 --no-sandbox --user-data-dir=/tmp/playwright_chromiumdev_profile-r2clUj --remote-debugging-pipe --no-startup-window
      - <launched> pid=3216
      - [pid=3216][err] /home/user/.cache/ms-playwright/chromium_headless_shell-1243/chrome-headless-shell-linux64/chrome-headless-shell: error while loading shared libraries: libnspr4.so: cannot open shared object file: No such file or directory
      - [pid=3216] <gracefully close start>
      - [pid=3216] <kill>
      - [pid=3216] <will force kill>
      - [pid=3216] exception while trying to kill process: Error: kill ESRCH
      - [pid=3216] <process did exit: exitCode=127, signal=null>
      - [pid=3216] starting temporary directories cleanup
      - [pid=3216] finished temporary directories cleanup
      - [pid=3216] <gracefully close end>


    Error Context: test-results/realtime-live-sync-across--c3892-eports-the-open-connections-chromium/error-context.md

    attachment #2: trace (application/zip) ─────────────────────────────────────────────────────────
    test-results/realtime-live-sync-across--c3892-eports-the-open-connections-chromium/trace.zip
    Usage:

        npx playwright show-trace test-results/realtime-live-sync-across--c3892-eports-the-open-connections-chromium/trace.zip

    ────────────────────────────────────────────────────────────────────────────────────────────────

  18) [chromium] › tests/settings-and-errors.spec.js:14:3 › settings page › renames the account through PATCH /auth/me 

    Error: browserType.launch: Target page, context or browser has been closed
    Browser logs:

    <launching> /home/user/.cache/ms-playwright/chromium_headless_shell-1243/chrome-headless-shell-linux64/chrome-headless-shell --disable-field-trial-config --disable-background-networking --disable-background-timer-throttling --disable-backgrounding-occluded-windows --disable-back-forward-cache --disable-breakpad --disable-client-side-phishing-detection --disable-component-extensions-with-background-pages --disable-component-update --no-default-browser-check --disable-default-apps --disable-dev-shm-usage --disable-edgeupdater --disable-extensions --disable-features=AvoidUnnecessaryBeforeUnloadCheckSync,DestroyProfileOnBrowserClose,DialMediaRouteProvider,GlobalMediaControls,HttpsUpgrades,LensOverlay,MediaRouter,PaintHolding,ThirdPartyStoragePartitioning,BlockOriginHeaderModificationOnRedirect,Translate,AutoDeElevate,OptimizationHints,msForceBrowserSignIn,msEdgeUpdateLaunchServicesPreferredVersion --enable-features=CDPScreenshotNewSurface --allow-pre-commit-input --disable-hang-monitor --disable-ipc-flooding-protection --disable-popup-blocking --disable-prompt-on-repost --disable-renderer-backgrounding --disable-updater-scheduler --force-color-profile=srgb --metrics-recording-only --no-first-run --password-store=basic --use-mock-keychain --no-service-autorun --export-tagged-pdf --disable-search-engine-choice-screen --unsafely-disable-devtools-self-xss-warnings --edge-skip-compat-layer-relaunch --disable-infobars --disable-search-engine-choice-screen --disable-sync --enable-unsafe-swiftshader --headless --hide-scrollbars --mute-audio --blink-settings=primaryHoverType=2,availableHoverTypes=2,primaryPointerType=4,availablePointerTypes=4 --no-sandbox --user-data-dir=/tmp/playwright_chromiumdev_profile-jpVzL9 --remote-debugging-pipe --no-startup-window
    <launched> pid=3229
    [pid=3229][err] /home/user/.cache/ms-playwright/chromium_headless_shell-1243/chrome-headless-shell-linux64/chrome-headless-shell: error while loading shared libraries: libnspr4.so: cannot open shared object file: No such file or directory
    Call log:
      - <launching> /home/user/.cache/ms-playwright/chromium_headless_shell-1243/chrome-headless-shell-linux64/chrome-headless-shell --disable-field-trial-config --disable-background-networking --disable-background-timer-throttling --disable-backgrounding-occluded-windows --disable-back-forward-cache --disable-breakpad --disable-client-side-phishing-detection --disable-component-extensions-with-background-pages --disable-component-update --no-default-browser-check --disable-default-apps --disable-dev-shm-usage --disable-edgeupdater --disable-extensions --disable-features=AvoidUnnecessaryBeforeUnloadCheckSync,DestroyProfileOnBrowserClose,DialMediaRouteProvider,GlobalMediaControls,HttpsUpgrades,LensOverlay,MediaRouter,PaintHolding,ThirdPartyStoragePartitioning,BlockOriginHeaderModificationOnRedirect,Translate,AutoDeElevate,OptimizationHints,msForceBrowserSignIn,msEdgeUpdateLaunchServicesPreferredVersion --enable-features=CDPScreenshotNewSurface --allow-pre-commit-input --disable-hang-monitor --disable-ipc-flooding-protection --disable-popup-blocking --disable-prompt-on-repost --disable-renderer-backgrounding --disable-updater-scheduler --force-color-profile=srgb --metrics-recording-only --no-first-run --password-store=basic --use-mock-keychain --no-service-autorun --export-tagged-pdf --disable-search-engine-choice-screen --unsafely-disable-devtools-self-xss-warnings --edge-skip-compat-layer-relaunch --disable-infobars --disable-search-engine-choice-screen --disable-sync --enable-unsafe-swiftshader --headless --hide-scrollbars --mute-audio --blink-settings=primaryHoverType=2,availableHoverTypes=2,primaryPointerType=4,availablePointerTypes=4 --no-sandbox --user-data-dir=/tmp/playwright_chromiumdev_profile-jpVzL9 --remote-debugging-pipe --no-startup-window
      - <launched> pid=3229
      - [pid=3229][err] /home/user/.cache/ms-playwright/chromium_headless_shell-1243/chrome-headless-shell-linux64/chrome-headless-shell: error while loading shared libraries: libnspr4.so: cannot open shared object file: No such file or directory
      - [pid=3229] <gracefully close start>
      - [pid=3229] <kill>
      - [pid=3229] <will force kill>
      - [pid=3229] exception while trying to kill process: Error: kill ESRCH
      - [pid=3229] <process did exit: exitCode=127, signal=null>
      - [pid=3229] starting temporary directories cleanup
      - [pid=3229] finished temporary directories cleanup
      - [pid=3229] <gracefully close end>


    Error Context: test-results/settings-and-errors-settin-f1dec-count-through-PATCH-auth-me-chromium/error-context.md

    attachment #2: trace (application/zip) ─────────────────────────────────────────────────────────
    test-results/settings-and-errors-settin-f1dec-count-through-PATCH-auth-me-chromium/trace.zip
    Usage:

        npx playwright show-trace test-results/settings-and-errors-settin-f1dec-count-through-PATCH-auth-me-chromium/trace.zip

    ────────────────────────────────────────────────────────────────────────────────────────────────

  19) [chromium] › tests/settings-and-errors.spec.js:35:3 › settings page › changes the password and can sign in with the new one 

    Error: browserType.launch: Target page, context or browser has been closed
    Browser logs:

    <launching> /home/user/.cache/ms-playwright/chromium_headless_shell-1243/chrome-headless-shell-linux64/chrome-headless-shell --disable-field-trial-config --disable-background-networking --disable-background-timer-throttling --disable-backgrounding-occluded-windows --disable-back-forward-cache --disable-breakpad --disable-client-side-phishing-detection --disable-component-extensions-with-background-pages --disable-component-update --no-default-browser-check --disable-default-apps --disable-dev-shm-usage --disable-edgeupdater --disable-extensions --disable-features=AvoidUnnecessaryBeforeUnloadCheckSync,DestroyProfileOnBrowserClose,DialMediaRouteProvider,GlobalMediaControls,HttpsUpgrades,LensOverlay,MediaRouter,PaintHolding,ThirdPartyStoragePartitioning,BlockOriginHeaderModificationOnRedirect,Translate,AutoDeElevate,OptimizationHints,msForceBrowserSignIn,msEdgeUpdateLaunchServicesPreferredVersion --enable-features=CDPScreenshotNewSurface --allow-pre-commit-input --disable-hang-monitor --disable-ipc-flooding-protection --disable-popup-blocking --disable-prompt-on-repost --disable-renderer-backgrounding --disable-updater-scheduler --force-color-profile=srgb --metrics-recording-only --no-first-run --password-store=basic --use-mock-keychain --no-service-autorun --export-tagged-pdf --disable-search-engine-choice-screen --unsafely-disable-devtools-self-xss-warnings --edge-skip-compat-layer-relaunch --disable-infobars --disable-search-engine-choice-screen --disable-sync --enable-unsafe-swiftshader --headless --hide-scrollbars --mute-audio --blink-settings=primaryHoverType=2,availableHoverTypes=2,primaryPointerType=4,availablePointerTypes=4 --no-sandbox --user-data-dir=/tmp/playwright_chromiumdev_profile-ELTSp0 --remote-debugging-pipe --no-startup-window
    <launched> pid=3244
    [pid=3244][err] /home/user/.cache/ms-playwright/chromium_headless_shell-1243/chrome-headless-shell-linux64/chrome-headless-shell: error while loading shared libraries: libnspr4.so: cannot open shared object file: No such file or directory
    Call log:
      - <launching> /home/user/.cache/ms-playwright/chromium_headless_shell-1243/chrome-headless-shell-linux64/chrome-headless-shell --disable-field-trial-config --disable-background-networking --disable-background-timer-throttling --disable-backgrounding-occluded-windows --disable-back-forward-cache --disable-breakpad --disable-client-side-phishing-detection --disable-component-extensions-with-background-pages --disable-component-update --no-default-browser-check --disable-default-apps --disable-dev-shm-usage --disable-edgeupdater --disable-extensions --disable-features=AvoidUnnecessaryBeforeUnloadCheckSync,DestroyProfileOnBrowserClose,DialMediaRouteProvider,GlobalMediaControls,HttpsUpgrades,LensOverlay,MediaRouter,PaintHolding,ThirdPartyStoragePartitioning,BlockOriginHeaderModificationOnRedirect,Translate,AutoDeElevate,OptimizationHints,msForceBrowserSignIn,msEdgeUpdateLaunchServicesPreferredVersion --enable-features=CDPScreenshotNewSurface --allow-pre-commit-input --disable-hang-monitor --disable-ipc-flooding-protection --disable-popup-blocking --disable-prompt-on-repost --disable-renderer-backgrounding --disable-updater-scheduler --force-color-profile=srgb --metrics-recording-only --no-first-run --password-store=basic --use-mock-keychain --no-service-autorun --export-tagged-pdf --disable-search-engine-choice-screen --unsafely-disable-devtools-self-xss-warnings --edge-skip-compat-layer-relaunch --disable-infobars --disable-search-engine-choice-screen --disable-sync --enable-unsafe-swiftshader --headless --hide-scrollbars --mute-audio --blink-settings=primaryHoverType=2,availableHoverTypes=2,primaryPointerType=4,availablePointerTypes=4 --no-sandbox --user-data-dir=/tmp/playwright_chromiumdev_profile-ELTSp0 --remote-debugging-pipe --no-startup-window
      - <launched> pid=3244
      - [pid=3244][err] /home/user/.cache/ms-playwright/chromium_headless_shell-1243/chrome-headless-shell-linux64/chrome-headless-shell: error while loading shared libraries: libnspr4.so: cannot open shared object file: No such file or directory
      - [pid=3244] <gracefully close start>
      - [pid=3244] <kill>
      - [pid=3244] <will force kill>
      - [pid=3244] exception while trying to kill process: Error: kill ESRCH
      - [pid=3244] <process did exit: exitCode=127, signal=null>
      - [pid=3244] starting temporary directories cleanup
      - [pid=3244] finished temporary directories cleanup
      - [pid=3244] <gracefully close end>


    Error Context: test-results/settings-and-errors-settin-4de99-an-sign-in-with-the-new-one-chromium/error-context.md

    attachment #2: trace (application/zip) ─────────────────────────────────────────────────────────
    test-results/settings-and-errors-settin-4de99-an-sign-in-with-the-new-one-chromium/trace.zip
    Usage:

        npx playwright show-trace test-results/settings-and-errors-settin-4de99-an-sign-in-with-the-new-one-chromium/trace.zip

    ────────────────────────────────────────────────────────────────────────────────────────────────

  20) [chromium] › tests/settings-and-errors.spec.js:53:3 › settings page › deletes every transaction with one request (danger zone) 

    Error: browserType.launch: Target page, context or browser has been closed
    Browser logs:

    <launching> /home/user/.cache/ms-playwright/chromium_headless_shell-1243/chrome-headless-shell-linux64/chrome-headless-shell --disable-field-trial-config --disable-background-networking --disable-background-timer-throttling --disable-backgrounding-occluded-windows --disable-back-forward-cache --disable-breakpad --disable-client-side-phishing-detection --disable-component-extensions-with-background-pages --disable-component-update --no-default-browser-check --disable-default-apps --disable-dev-shm-usage --disable-edgeupdater --disable-extensions --disable-features=AvoidUnnecessaryBeforeUnloadCheckSync,DestroyProfileOnBrowserClose,DialMediaRouteProvider,GlobalMediaControls,HttpsUpgrades,LensOverlay,MediaRouter,PaintHolding,ThirdPartyStoragePartitioning,BlockOriginHeaderModificationOnRedirect,Translate,AutoDeElevate,OptimizationHints,msForceBrowserSignIn,msEdgeUpdateLaunchServicesPreferredVersion --enable-features=CDPScreenshotNewSurface --allow-pre-commit-input --disable-hang-monitor --disable-ipc-flooding-protection --disable-popup-blocking --disable-prompt-on-repost --disable-renderer-backgrounding --disable-updater-scheduler --force-color-profile=srgb --metrics-recording-only --no-first-run --password-store=basic --use-mock-keychain --no-service-autorun --export-tagged-pdf --disable-search-engine-choice-screen --unsafely-disable-devtools-self-xss-warnings --edge-skip-compat-layer-relaunch --disable-infobars --disable-search-engine-choice-screen --disable-sync --enable-unsafe-swiftshader --headless --hide-scrollbars --mute-audio --blink-settings=primaryHoverType=2,availableHoverTypes=2,primaryPointerType=4,availablePointerTypes=4 --no-sandbox --user-data-dir=/tmp/playwright_chromiumdev_profile-CXbxYl --remote-debugging-pipe --no-startup-window
    <launched> pid=3257
    [pid=3257][err] /home/user/.cache/ms-playwright/chromium_headless_shell-1243/chrome-headless-shell-linux64/chrome-headless-shell: error while loading shared libraries: libnspr4.so: cannot open shared object file: No such file or directory
    Call log:
      - <launching> /home/user/.cache/ms-playwright/chromium_headless_shell-1243/chrome-headless-shell-linux64/chrome-headless-shell --disable-field-trial-config --disable-background-networking --disable-background-timer-throttling --disable-backgrounding-occluded-windows --disable-back-forward-cache --disable-breakpad --disable-client-side-phishing-detection --disable-component-extensions-with-background-pages --disable-component-update --no-default-browser-check --disable-default-apps --disable-dev-shm-usage --disable-edgeupdater --disable-extensions --disable-features=AvoidUnnecessaryBeforeUnloadCheckSync,DestroyProfileOnBrowserClose,DialMediaRouteProvider,GlobalMediaControls,HttpsUpgrades,LensOverlay,MediaRouter,PaintHolding,ThirdPartyStoragePartitioning,BlockOriginHeaderModificationOnRedirect,Translate,AutoDeElevate,OptimizationHints,msForceBrowserSignIn,msEdgeUpdateLaunchServicesPreferredVersion --enable-features=CDPScreenshotNewSurface --allow-pre-commit-input --disable-hang-monitor --disable-ipc-flooding-protection --disable-popup-blocking --disable-prompt-on-repost --disable-renderer-backgrounding --disable-updater-scheduler --force-color-profile=srgb --metrics-recording-only --no-first-run --password-store=basic --use-mock-keychain --no-service-autorun --export-tagged-pdf --disable-search-engine-choice-screen --unsafely-disable-devtools-self-xss-warnings --edge-skip-compat-layer-relaunch --disable-infobars --disable-search-engine-choice-screen --disable-sync --enable-unsafe-swiftshader --headless --hide-scrollbars --mute-audio --blink-settings=primaryHoverType=2,availableHoverTypes=2,primaryPointerType=4,availablePointerTypes=4 --no-sandbox --user-data-dir=/tmp/playwright_chromiumdev_profile-CXbxYl --remote-debugging-pipe --no-startup-window
      - <launched> pid=3257
      - [pid=3257][err] /home/user/.cache/ms-playwright/chromium_headless_shell-1243/chrome-headless-shell-linux64/chrome-headless-shell: error while loading shared libraries: libnspr4.so: cannot open shared object file: No such file or directory
      - [pid=3257] <gracefully close start>
      - [pid=3257] <kill>
      - [pid=3257] <will force kill>
      - [pid=3257] exception while trying to kill process: Error: kill ESRCH
      - [pid=3257] <process did exit: exitCode=127, signal=null>
      - [pid=3257] starting temporary directories cleanup
      - [pid=3257] finished temporary directories cleanup
      - [pid=3257] <gracefully close end>


    Error Context: test-results/settings-and-errors-settin-68061-th-one-request-danger-zone--chromium/error-context.md

    attachment #2: trace (application/zip) ─────────────────────────────────────────────────────────
    test-results/settings-and-errors-settin-68061-th-one-request-danger-zone--chromium/trace.zip
    Usage:

        npx playwright show-trace test-results/settings-and-errors-settin-68061-th-one-request-danger-zone--chromium/trace.zip

    ────────────────────────────────────────────────────────────────────────────────────────────────

  21) [chromium] › tests/settings-and-errors.spec.js:70:3 › settings page › exports the account data as JSON 

    Error: browserType.launch: Target page, context or browser has been closed
    Browser logs:

    <launching> /home/user/.cache/ms-playwright/chromium_headless_shell-1243/chrome-headless-shell-linux64/chrome-headless-shell --disable-field-trial-config --disable-background-networking --disable-background-timer-throttling --disable-backgrounding-occluded-windows --disable-back-forward-cache --disable-breakpad --disable-client-side-phishing-detection --disable-component-extensions-with-background-pages --disable-component-update --no-default-browser-check --disable-default-apps --disable-dev-shm-usage --disable-edgeupdater --disable-extensions --disable-features=AvoidUnnecessaryBeforeUnloadCheckSync,DestroyProfileOnBrowserClose,DialMediaRouteProvider,GlobalMediaControls,HttpsUpgrades,LensOverlay,MediaRouter,PaintHolding,ThirdPartyStoragePartitioning,BlockOriginHeaderModificationOnRedirect,Translate,AutoDeElevate,OptimizationHints,msForceBrowserSignIn,msEdgeUpdateLaunchServicesPreferredVersion --enable-features=CDPScreenshotNewSurface --allow-pre-commit-input --disable-hang-monitor --disable-ipc-flooding-protection --disable-popup-blocking --disable-prompt-on-repost --disable-renderer-backgrounding --disable-updater-scheduler --force-color-profile=srgb --metrics-recording-only --no-first-run --password-store=basic --use-mock-keychain --no-service-autorun --export-tagged-pdf --disable-search-engine-choice-screen --unsafely-disable-devtools-self-xss-warnings --edge-skip-compat-layer-relaunch --disable-infobars --disable-search-engine-choice-screen --disable-sync --enable-unsafe-swiftshader --headless --hide-scrollbars --mute-audio --blink-settings=primaryHoverType=2,availableHoverTypes=2,primaryPointerType=4,availablePointerTypes=4 --no-sandbox --user-data-dir=/tmp/playwright_chromiumdev_profile-5dY2pA --remote-debugging-pipe --no-startup-window
    <launched> pid=3270
    [pid=3270][err] /home/user/.cache/ms-playwright/chromium_headless_shell-1243/chrome-headless-shell-linux64/chrome-headless-shell: error while loading shared libraries: libnspr4.so: cannot open shared object file: No such file or directory
    Call log:
      - <launching> /home/user/.cache/ms-playwright/chromium_headless_shell-1243/chrome-headless-shell-linux64/chrome-headless-shell --disable-field-trial-config --disable-background-networking --disable-background-timer-throttling --disable-backgrounding-occluded-windows --disable-back-forward-cache --disable-breakpad --disable-client-side-phishing-detection --disable-component-extensions-with-background-pages --disable-component-update --no-default-browser-check --disable-default-apps --disable-dev-shm-usage --disable-edgeupdater --disable-extensions --disable-features=AvoidUnnecessaryBeforeUnloadCheckSync,DestroyProfileOnBrowserClose,DialMediaRouteProvider,GlobalMediaControls,HttpsUpgrades,LensOverlay,MediaRouter,PaintHolding,ThirdPartyStoragePartitioning,BlockOriginHeaderModificationOnRedirect,Translate,AutoDeElevate,OptimizationHints,msForceBrowserSignIn,msEdgeUpdateLaunchServicesPreferredVersion --enable-features=CDPScreenshotNewSurface --allow-pre-commit-input --disable-hang-monitor --disable-ipc-flooding-protection --disable-popup-blocking --disable-prompt-on-repost --disable-renderer-backgrounding --disable-updater-scheduler --force-color-profile=srgb --metrics-recording-only --no-first-run --password-store=basic --use-mock-keychain --no-service-autorun --export-tagged-pdf --disable-search-engine-choice-screen --unsafely-disable-devtools-self-xss-warnings --edge-skip-compat-layer-relaunch --disable-infobars --disable-search-engine-choice-screen --disable-sync --enable-unsafe-swiftshader --headless --hide-scrollbars --mute-audio --blink-settings=primaryHoverType=2,availableHoverTypes=2,primaryPointerType=4,availablePointerTypes=4 --no-sandbox --user-data-dir=/tmp/playwright_chromiumdev_profile-5dY2pA --remote-debugging-pipe --no-startup-window
      - <launched> pid=3270
      - [pid=3270][err] /home/user/.cache/ms-playwright/chromium_headless_shell-1243/chrome-headless-shell-linux64/chrome-headless-shell: error while loading shared libraries: libnspr4.so: cannot open shared object file: No such file or directory
      - [pid=3270] <gracefully close start>
      - [pid=3270] <kill>
      - [pid=3270] <will force kill>
      - [pid=3270] exception while trying to kill process: Error: kill ESRCH
      - [pid=3270] <process did exit: exitCode=127, signal=null>
      - [pid=3270] starting temporary directories cleanup
      - [pid=3270] finished temporary directories cleanup
      - [pid=3270] <gracefully close end>


    Error Context: test-results/settings-and-errors-settin-fd298-ts-the-account-data-as-JSON-chromium/error-context.md

    attachment #2: trace (application/zip) ─────────────────────────────────────────────────────────
    test-results/settings-and-errors-settin-fd298-ts-the-account-data-as-JSON-chromium/trace.zip
    Usage:

        npx playwright show-trace test-results/settings-and-errors-settin-fd298-ts-the-account-data-as-JSON-chromium/trace.zip

    ────────────────────────────────────────────────────────────────────────────────────────────────

  22) [chromium] › tests/settings-and-errors.spec.js:84:3 › graceful error handling › explains a stopped back-end instead of breaking the page 

    Error: browserType.launch: Target page, context or browser has been closed
    Browser logs:

    <launching> /home/user/.cache/ms-playwright/chromium_headless_shell-1243/chrome-headless-shell-linux64/chrome-headless-shell --disable-field-trial-config --disable-background-networking --disable-background-timer-throttling --disable-backgrounding-occluded-windows --disable-back-forward-cache --disable-breakpad --disable-client-side-phishing-detection --disable-component-extensions-with-background-pages --disable-component-update --no-default-browser-check --disable-default-apps --disable-dev-shm-usage --disable-edgeupdater --disable-extensions --disable-features=AvoidUnnecessaryBeforeUnloadCheckSync,DestroyProfileOnBrowserClose,DialMediaRouteProvider,GlobalMediaControls,HttpsUpgrades,LensOverlay,MediaRouter,PaintHolding,ThirdPartyStoragePartitioning,BlockOriginHeaderModificationOnRedirect,Translate,AutoDeElevate,OptimizationHints,msForceBrowserSignIn,msEdgeUpdateLaunchServicesPreferredVersion --enable-features=CDPScreenshotNewSurface --allow-pre-commit-input --disable-hang-monitor --disable-ipc-flooding-protection --disable-popup-blocking --disable-prompt-on-repost --disable-renderer-backgrounding --disable-updater-scheduler --force-color-profile=srgb --metrics-recording-only --no-first-run --password-store=basic --use-mock-keychain --no-service-autorun --export-tagged-pdf --disable-search-engine-choice-screen --unsafely-disable-devtools-self-xss-warnings --edge-skip-compat-layer-relaunch --disable-infobars --disable-search-engine-choice-screen --disable-sync --enable-unsafe-swiftshader --headless --hide-scrollbars --mute-audio --blink-settings=primaryHoverType=2,availableHoverTypes=2,primaryPointerType=4,availablePointerTypes=4 --no-sandbox --user-data-dir=/tmp/playwright_chromiumdev_profile-lGFVEH --remote-debugging-pipe --no-startup-window
    <launched> pid=3283
    [pid=3283][err] /home/user/.cache/ms-playwright/chromium_headless_shell-1243/chrome-headless-shell-linux64/chrome-headless-shell: error while loading shared libraries: libnspr4.so: cannot open shared object file: No such file or directory
    Call log:
      - <launching> /home/user/.cache/ms-playwright/chromium_headless_shell-1243/chrome-headless-shell-linux64/chrome-headless-shell --disable-field-trial-config --disable-background-networking --disable-background-timer-throttling --disable-backgrounding-occluded-windows --disable-back-forward-cache --disable-breakpad --disable-client-side-phishing-detection --disable-component-extensions-with-background-pages --disable-component-update --no-default-browser-check --disable-default-apps --disable-dev-shm-usage --disable-edgeupdater --disable-extensions --disable-features=AvoidUnnecessaryBeforeUnloadCheckSync,DestroyProfileOnBrowserClose,DialMediaRouteProvider,GlobalMediaControls,HttpsUpgrades,LensOverlay,MediaRouter,PaintHolding,ThirdPartyStoragePartitioning,BlockOriginHeaderModificationOnRedirect,Translate,AutoDeElevate,OptimizationHints,msForceBrowserSignIn,msEdgeUpdateLaunchServicesPreferredVersion --enable-features=CDPScreenshotNewSurface --allow-pre-commit-input --disable-hang-monitor --disable-ipc-flooding-protection --disable-popup-blocking --disable-prompt-on-repost --disable-renderer-backgrounding --disable-updater-scheduler --force-color-profile=srgb --metrics-recording-only --no-first-run --password-store=basic --use-mock-keychain --no-service-autorun --export-tagged-pdf --disable-search-engine-choice-screen --unsafely-disable-devtools-self-xss-warnings --edge-skip-compat-layer-relaunch --disable-infobars --disable-search-engine-choice-screen --disable-sync --enable-unsafe-swiftshader --headless --hide-scrollbars --mute-audio --blink-settings=primaryHoverType=2,availableHoverTypes=2,primaryPointerType=4,availablePointerTypes=4 --no-sandbox --user-data-dir=/tmp/playwright_chromiumdev_profile-lGFVEH --remote-debugging-pipe --no-startup-window
      - <launched> pid=3283
      - [pid=3283][err] /home/user/.cache/ms-playwright/chromium_headless_shell-1243/chrome-headless-shell-linux64/chrome-headless-shell: error while loading shared libraries: libnspr4.so: cannot open shared object file: No such file or directory
      - [pid=3283] <gracefully close start>
      - [pid=3283] <kill>
      - [pid=3283] <will force kill>
      - [pid=3283] exception while trying to kill process: Error: kill ESRCH
      - [pid=3283] <process did exit: exitCode=127, signal=null>
      - [pid=3283] starting temporary directories cleanup
      - [pid=3283] finished temporary directories cleanup
      - [pid=3283] <gracefully close end>


    Error Context: test-results/settings-and-errors-gracef-edc30-nstead-of-breaking-the-page-chromium/error-context.md

    attachment #2: trace (application/zip) ─────────────────────────────────────────────────────────
    test-results/settings-and-errors-gracef-edc30-nstead-of-breaking-the-page-chromium/trace.zip
    Usage:

        npx playwright show-trace test-results/settings-and-errors-gracef-edc30-nstead-of-breaking-the-page-chromium/trace.zip

    ────────────────────────────────────────────────────────────────────────────────────────────────

  23) [chromium] › tests/settings-and-errors.spec.js:99:3 › graceful error handling › the retry button recovers once the API answers again 

    Error: browserType.launch: Target page, context or browser has been closed
    Browser logs:

    <launching> /home/user/.cache/ms-playwright/chromium_headless_shell-1243/chrome-headless-shell-linux64/chrome-headless-shell --disable-field-trial-config --disable-background-networking --disable-background-timer-throttling --disable-backgrounding-occluded-windows --disable-back-forward-cache --disable-breakpad --disable-client-side-phishing-detection --disable-component-extensions-with-background-pages --disable-component-update --no-default-browser-check --disable-default-apps --disable-dev-shm-usage --disable-edgeupdater --disable-extensions --disable-features=AvoidUnnecessaryBeforeUnloadCheckSync,DestroyProfileOnBrowserClose,DialMediaRouteProvider,GlobalMediaControls,HttpsUpgrades,LensOverlay,MediaRouter,PaintHolding,ThirdPartyStoragePartitioning,BlockOriginHeaderModificationOnRedirect,Translate,AutoDeElevate,OptimizationHints,msForceBrowserSignIn,msEdgeUpdateLaunchServicesPreferredVersion --enable-features=CDPScreenshotNewSurface --allow-pre-commit-input --disable-hang-monitor --disable-ipc-flooding-protection --disable-popup-blocking --disable-prompt-on-repost --disable-renderer-backgrounding --disable-updater-scheduler --force-color-profile=srgb --metrics-recording-only --no-first-run --password-store=basic --use-mock-keychain --no-service-autorun --export-tagged-pdf --disable-search-engine-choice-screen --unsafely-disable-devtools-self-xss-warnings --edge-skip-compat-layer-relaunch --disable-infobars --disable-search-engine-choice-screen --disable-sync --enable-unsafe-swiftshader --headless --hide-scrollbars --mute-audio --blink-settings=primaryHoverType=2,availableHoverTypes=2,primaryPointerType=4,availablePointerTypes=4 --no-sandbox --user-data-dir=/tmp/playwright_chromiumdev_profile-ktqPdK --remote-debugging-pipe --no-startup-window
    <launched> pid=3296
    [pid=3296][err] /home/user/.cache/ms-playwright/chromium_headless_shell-1243/chrome-headless-shell-linux64/chrome-headless-shell: error while loading shared libraries: libnspr4.so: cannot open shared object file: No such file or directory
    Call log:
      - <launching> /home/user/.cache/ms-playwright/chromium_headless_shell-1243/chrome-headless-shell-linux64/chrome-headless-shell --disable-field-trial-config --disable-background-networking --disable-background-timer-throttling --disable-backgrounding-occluded-windows --disable-back-forward-cache --disable-breakpad --disable-client-side-phishing-detection --disable-component-extensions-with-background-pages --disable-component-update --no-default-browser-check --disable-default-apps --disable-dev-shm-usage --disable-edgeupdater --disable-extensions --disable-features=AvoidUnnecessaryBeforeUnloadCheckSync,DestroyProfileOnBrowserClose,DialMediaRouteProvider,GlobalMediaControls,HttpsUpgrades,LensOverlay,MediaRouter,PaintHolding,ThirdPartyStoragePartitioning,BlockOriginHeaderModificationOnRedirect,Translate,AutoDeElevate,OptimizationHints,msForceBrowserSignIn,msEdgeUpdateLaunchServicesPreferredVersion --enable-features=CDPScreenshotNewSurface --allow-pre-commit-input --disable-hang-monitor --disable-ipc-flooding-protection --disable-popup-blocking --disable-prompt-on-repost --disable-renderer-backgrounding --disable-updater-scheduler --force-color-profile=srgb --metrics-recording-only --no-first-run --password-store=basic --use-mock-keychain --no-service-autorun --export-tagged-pdf --disable-search-engine-choice-screen --unsafely-disable-devtools-self-xss-warnings --edge-skip-compat-layer-relaunch --disable-infobars --disable-search-engine-choice-screen --disable-sync --enable-unsafe-swiftshader --headless --hide-scrollbars --mute-audio --blink-settings=primaryHoverType=2,availableHoverTypes=2,primaryPointerType=4,availablePointerTypes=4 --no-sandbox --user-data-dir=/tmp/playwright_chromiumdev_profile-ktqPdK --remote-debugging-pipe --no-startup-window
      - <launched> pid=3296
      - [pid=3296][err] /home/user/.cache/ms-playwright/chromium_headless_shell-1243/chrome-headless-shell-linux64/chrome-headless-shell: error while loading shared libraries: libnspr4.so: cannot open shared object file: No such file or directory
      - [pid=3296] <gracefully close start>
      - [pid=3296] <kill>
      - [pid=3296] <will force kill>
      - [pid=3296] exception while trying to kill process: Error: kill ESRCH
      - [pid=3296] <process did exit: exitCode=127, signal=null>
      - [pid=3296] starting temporary directories cleanup
      - [pid=3296] finished temporary directories cleanup
      - [pid=3296] <gracefully close end>


    Error Context: test-results/settings-and-errors-gracef-c3ede--once-the-API-answers-again-chromium/error-context.md

    attachment #2: trace (application/zip) ─────────────────────────────────────────────────────────
    test-results/settings-and-errors-gracef-c3ede--once-the-API-answers-again-chromium/trace.zip
    Usage:

        npx playwright show-trace test-results/settings-and-errors-gracef-c3ede--once-the-API-answers-again-chromium/trace.zip

    ────────────────────────────────────────────────────────────────────────────────────────────────

  24) [chromium] › tests/settings-and-errors.spec.js:116:3 › graceful error handling › an expired session sends the user back to the login page with an explanation 

    Error: browserType.launch: Target page, context or browser has been closed
    Browser logs:

    <launching> /home/user/.cache/ms-playwright/chromium_headless_shell-1243/chrome-headless-shell-linux64/chrome-headless-shell --disable-field-trial-config --disable-background-networking --disable-background-timer-throttling --disable-backgrounding-occluded-windows --disable-back-forward-cache --disable-breakpad --disable-client-side-phishing-detection --disable-component-extensions-with-background-pages --disable-component-update --no-default-browser-check --disable-default-apps --disable-dev-shm-usage --disable-edgeupdater --disable-extensions --disable-features=AvoidUnnecessaryBeforeUnloadCheckSync,DestroyProfileOnBrowserClose,DialMediaRouteProvider,GlobalMediaControls,HttpsUpgrades,LensOverlay,MediaRouter,PaintHolding,ThirdPartyStoragePartitioning,BlockOriginHeaderModificationOnRedirect,Translate,AutoDeElevate,OptimizationHints,msForceBrowserSignIn,msEdgeUpdateLaunchServicesPreferredVersion --enable-features=CDPScreenshotNewSurface --allow-pre-commit-input --disable-hang-monitor --disable-ipc-flooding-protection --disable-popup-blocking --disable-prompt-on-repost --disable-renderer-backgrounding --disable-updater-scheduler --force-color-profile=srgb --metrics-recording-only --no-first-run --password-store=basic --use-mock-keychain --no-service-autorun --export-tagged-pdf --disable-search-engine-choice-screen --unsafely-disable-devtools-self-xss-warnings --edge-skip-compat-layer-relaunch --disable-infobars --disable-search-engine-choice-screen --disable-sync --enable-unsafe-swiftshader --headless --hide-scrollbars --mute-audio --blink-settings=primaryHoverType=2,availableHoverTypes=2,primaryPointerType=4,availablePointerTypes=4 --no-sandbox --user-data-dir=/tmp/playwright_chromiumdev_profile-dHWkEw --remote-debugging-pipe --no-startup-window
    <launched> pid=3309
    [pid=3309][err] /home/user/.cache/ms-playwright/chromium_headless_shell-1243/chrome-headless-shell-linux64/chrome-headless-shell: error while loading shared libraries: libnspr4.so: cannot open shared object file: No such file or directory
    Call log:
      - <launching> /home/user/.cache/ms-playwright/chromium_headless_shell-1243/chrome-headless-shell-linux64/chrome-headless-shell --disable-field-trial-config --disable-background-networking --disable-background-timer-throttling --disable-backgrounding-occluded-windows --disable-back-forward-cache --disable-breakpad --disable-client-side-phishing-detection --disable-component-extensions-with-background-pages --disable-component-update --no-default-browser-check --disable-default-apps --disable-dev-shm-usage --disable-edgeupdater --disable-extensions --disable-features=AvoidUnnecessaryBeforeUnloadCheckSync,DestroyProfileOnBrowserClose,DialMediaRouteProvider,GlobalMediaControls,HttpsUpgrades,LensOverlay,MediaRouter,PaintHolding,ThirdPartyStoragePartitioning,BlockOriginHeaderModificationOnRedirect,Translate,AutoDeElevate,OptimizationHints,msForceBrowserSignIn,msEdgeUpdateLaunchServicesPreferredVersion --enable-features=CDPScreenshotNewSurface --allow-pre-commit-input --disable-hang-monitor --disable-ipc-flooding-protection --disable-popup-blocking --disable-prompt-on-repost --disable-renderer-backgrounding --disable-updater-scheduler --force-color-profile=srgb --metrics-recording-only --no-first-run --password-store=basic --use-mock-keychain --no-service-autorun --export-tagged-pdf --disable-search-engine-choice-screen --unsafely-disable-devtools-self-xss-warnings --edge-skip-compat-layer-relaunch --disable-infobars --disable-search-engine-choice-screen --disable-sync --enable-unsafe-swiftshader --headless --hide-scrollbars --mute-audio --blink-settings=primaryHoverType=2,availableHoverTypes=2,primaryPointerType=4,availablePointerTypes=4 --no-sandbox --user-data-dir=/tmp/playwright_chromiumdev_profile-dHWkEw --remote-debugging-pipe --no-startup-window
      - <launched> pid=3309
      - [pid=3309][err] /home/user/.cache/ms-playwright/chromium_headless_shell-1243/chrome-headless-shell-linux64/chrome-headless-shell: error while loading shared libraries: libnspr4.so: cannot open shared object file: No such file or directory
      - [pid=3309] <gracefully close start>
      - [pid=3309] <kill>
      - [pid=3309] <will force kill>
      - [pid=3309] exception while trying to kill process: Error: kill ESRCH
      - [pid=3309] <process did exit: exitCode=127, signal=null>
      - [pid=3309] starting temporary directories cleanup
      - [pid=3309] finished temporary directories cleanup
      - [pid=3309] <gracefully close end>


    Error Context: test-results/settings-and-errors-gracef-ea96b-in-page-with-an-explanation-chromium/error-context.md

    attachment #2: trace (application/zip) ─────────────────────────────────────────────────────────
    test-results/settings-and-errors-gracef-ea96b-in-page-with-an-explanation-chromium/trace.zip
    Usage:

        npx playwright show-trace test-results/settings-and-errors-gracef-ea96b-in-page-with-an-explanation-chromium/trace.zip

    ────────────────────────────────────────────────────────────────────────────────────────────────

  25) [chromium] › tests/week5-regressions.spec.js:5:1 › W5 valid leap-day transaction survives UI save, API read and reload 

    Error: browserType.launch: Target page, context or browser has been closed
    Browser logs:

    <launching> /home/user/.cache/ms-playwright/chromium_headless_shell-1243/chrome-headless-shell-linux64/chrome-headless-shell --disable-field-trial-config --disable-background-networking --disable-background-timer-throttling --disable-backgrounding-occluded-windows --disable-back-forward-cache --disable-breakpad --disable-client-side-phishing-detection --disable-component-extensions-with-background-pages --disable-component-update --no-default-browser-check --disable-default-apps --disable-dev-shm-usage --disable-edgeupdater --disable-extensions --disable-features=AvoidUnnecessaryBeforeUnloadCheckSync,DestroyProfileOnBrowserClose,DialMediaRouteProvider,GlobalMediaControls,HttpsUpgrades,LensOverlay,MediaRouter,PaintHolding,ThirdPartyStoragePartitioning,BlockOriginHeaderModificationOnRedirect,Translate,AutoDeElevate,OptimizationHints,msForceBrowserSignIn,msEdgeUpdateLaunchServicesPreferredVersion --enable-features=CDPScreenshotNewSurface --allow-pre-commit-input --disable-hang-monitor --disable-ipc-flooding-protection --disable-popup-blocking --disable-prompt-on-repost --disable-renderer-backgrounding --disable-updater-scheduler --force-color-profile=srgb --metrics-recording-only --no-first-run --password-store=basic --use-mock-keychain --no-service-autorun --export-tagged-pdf --disable-search-engine-choice-screen --unsafely-disable-devtools-self-xss-warnings --edge-skip-compat-layer-relaunch --disable-infobars --disable-search-engine-choice-screen --disable-sync --enable-unsafe-swiftshader --headless --hide-scrollbars --mute-audio --blink-settings=primaryHoverType=2,availableHoverTypes=2,primaryPointerType=4,availablePointerTypes=4 --no-sandbox --user-data-dir=/tmp/playwright_chromiumdev_profile-sc5oQO --remote-debugging-pipe --no-startup-window
    <launched> pid=3322
    [pid=3322][err] /home/user/.cache/ms-playwright/chromium_headless_shell-1243/chrome-headless-shell-linux64/chrome-headless-shell: error while loading shared libraries: libnspr4.so: cannot open shared object file: No such file or directory
    Call log:
      - <launching> /home/user/.cache/ms-playwright/chromium_headless_shell-1243/chrome-headless-shell-linux64/chrome-headless-shell --disable-field-trial-config --disable-background-networking --disable-background-timer-throttling --disable-backgrounding-occluded-windows --disable-back-forward-cache --disable-breakpad --disable-client-side-phishing-detection --disable-component-extensions-with-background-pages --disable-component-update --no-default-browser-check --disable-default-apps --disable-dev-shm-usage --disable-edgeupdater --disable-extensions --disable-features=AvoidUnnecessaryBeforeUnloadCheckSync,DestroyProfileOnBrowserClose,DialMediaRouteProvider,GlobalMediaControls,HttpsUpgrades,LensOverlay,MediaRouter,PaintHolding,ThirdPartyStoragePartitioning,BlockOriginHeaderModificationOnRedirect,Translate,AutoDeElevate,OptimizationHints,msForceBrowserSignIn,msEdgeUpdateLaunchServicesPreferredVersion --enable-features=CDPScreenshotNewSurface --allow-pre-commit-input --disable-hang-monitor --disable-ipc-flooding-protection --disable-popup-blocking --disable-prompt-on-repost --disable-renderer-backgrounding --disable-updater-scheduler --force-color-profile=srgb --metrics-recording-only --no-first-run --password-store=basic --use-mock-keychain --no-service-autorun --export-tagged-pdf --disable-search-engine-choice-screen --unsafely-disable-devtools-self-xss-warnings --edge-skip-compat-layer-relaunch --disable-infobars --disable-search-engine-choice-screen --disable-sync --enable-unsafe-swiftshader --headless --hide-scrollbars --mute-audio --blink-settings=primaryHoverType=2,availableHoverTypes=2,primaryPointerType=4,availablePointerTypes=4 --no-sandbox --user-data-dir=/tmp/playwright_chromiumdev_profile-sc5oQO --remote-debugging-pipe --no-startup-window
      - <launched> pid=3322
      - [pid=3322][err] /home/user/.cache/ms-playwright/chromium_headless_shell-1243/chrome-headless-shell-linux64/chrome-headless-shell: error while loading shared libraries: libnspr4.so: cannot open shared object file: No such file or directory
      - [pid=3322] <gracefully close start>
      - [pid=3322] <kill>
      - [pid=3322] <will force kill>
      - [pid=3322] exception while trying to kill process: Error: kill ESRCH
      - [pid=3322] <process did exit: exitCode=127, signal=null>
      - [pid=3322] starting temporary directories cleanup
      - [pid=3322] finished temporary directories cleanup
      - [pid=3322] <gracefully close end>


    Error Context: test-results/week5-regressions-W5-valid-ae7f7-UI-save-API-read-and-reload-chromium/error-context.md

    attachment #2: trace (application/zip) ─────────────────────────────────────────────────────────
    test-results/week5-regressions-W5-valid-ae7f7-UI-save-API-read-and-reload-chromium/trace.zip
    Usage:

        npx playwright show-trace test-results/week5-regressions-W5-valid-ae7f7-UI-save-API-read-and-reload-chromium/trace.zip

    ────────────────────────────────────────────────────────────────────────────────────────────────

  26) [chromium] › tests/week5-regressions.spec.js:26:1 › W5 malformed date through same-origin browser fetch is rejected without database writes 

    Error: browserType.launch: Target page, context or browser has been closed
    Browser logs:

    <launching> /home/user/.cache/ms-playwright/chromium_headless_shell-1243/chrome-headless-shell-linux64/chrome-headless-shell --disable-field-trial-config --disable-background-networking --disable-background-timer-throttling --disable-backgrounding-occluded-windows --disable-back-forward-cache --disable-breakpad --disable-client-side-phishing-detection --disable-component-extensions-with-background-pages --disable-component-update --no-default-browser-check --disable-default-apps --disable-dev-shm-usage --disable-edgeupdater --disable-extensions --disable-features=AvoidUnnecessaryBeforeUnloadCheckSync,DestroyProfileOnBrowserClose,DialMediaRouteProvider,GlobalMediaControls,HttpsUpgrades,LensOverlay,MediaRouter,PaintHolding,ThirdPartyStoragePartitioning,BlockOriginHeaderModificationOnRedirect,Translate,AutoDeElevate,OptimizationHints,msForceBrowserSignIn,msEdgeUpdateLaunchServicesPreferredVersion --enable-features=CDPScreenshotNewSurface --allow-pre-commit-input --disable-hang-monitor --disable-ipc-flooding-protection --disable-popup-blocking --disable-prompt-on-repost --disable-renderer-backgrounding --disable-updater-scheduler --force-color-profile=srgb --metrics-recording-only --no-first-run --password-store=basic --use-mock-keychain --no-service-autorun --export-tagged-pdf --disable-search-engine-choice-screen --unsafely-disable-devtools-self-xss-warnings --edge-skip-compat-layer-relaunch --disable-infobars --disable-search-engine-choice-screen --disable-sync --enable-unsafe-swiftshader --headless --hide-scrollbars --mute-audio --blink-settings=primaryHoverType=2,availableHoverTypes=2,primaryPointerType=4,availablePointerTypes=4 --no-sandbox --user-data-dir=/tmp/playwright_chromiumdev_profile-KIEVAm --remote-debugging-pipe --no-startup-window
    <launched> pid=3335
    [pid=3335][err] /home/user/.cache/ms-playwright/chromium_headless_shell-1243/chrome-headless-shell-linux64/chrome-headless-shell: error while loading shared libraries: libnspr4.so: cannot open shared object file: No such file or directory
    Call log:
      - <launching> /home/user/.cache/ms-playwright/chromium_headless_shell-1243/chrome-headless-shell-linux64/chrome-headless-shell --disable-field-trial-config --disable-background-networking --disable-background-timer-throttling --disable-backgrounding-occluded-windows --disable-back-forward-cache --disable-breakpad --disable-client-side-phishing-detection --disable-component-extensions-with-background-pages --disable-component-update --no-default-browser-check --disable-default-apps --disable-dev-shm-usage --disable-edgeupdater --disable-extensions --disable-features=AvoidUnnecessaryBeforeUnloadCheckSync,DestroyProfileOnBrowserClose,DialMediaRouteProvider,GlobalMediaControls,HttpsUpgrades,LensOverlay,MediaRouter,PaintHolding,ThirdPartyStoragePartitioning,BlockOriginHeaderModificationOnRedirect,Translate,AutoDeElevate,OptimizationHints,msForceBrowserSignIn,msEdgeUpdateLaunchServicesPreferredVersion --enable-features=CDPScreenshotNewSurface --allow-pre-commit-input --disable-hang-monitor --disable-ipc-flooding-protection --disable-popup-blocking --disable-prompt-on-repost --disable-renderer-backgrounding --disable-updater-scheduler --force-color-profile=srgb --metrics-recording-only --no-first-run --password-store=basic --use-mock-keychain --no-service-autorun --export-tagged-pdf --disable-search-engine-choice-screen --unsafely-disable-devtools-self-xss-warnings --edge-skip-compat-layer-relaunch --disable-infobars --disable-search-engine-choice-screen --disable-sync --enable-unsafe-swiftshader --headless --hide-scrollbars --mute-audio --blink-settings=primaryHoverType=2,availableHoverTypes=2,primaryPointerType=4,availablePointerTypes=4 --no-sandbox --user-data-dir=/tmp/playwright_chromiumdev_profile-KIEVAm --remote-debugging-pipe --no-startup-window
      - <launched> pid=3335
      - [pid=3335][err] /home/user/.cache/ms-playwright/chromium_headless_shell-1243/chrome-headless-shell-linux64/chrome-headless-shell: error while loading shared libraries: libnspr4.so: cannot open shared object file: No such file or directory
      - [pid=3335] <gracefully close start>
      - [pid=3335] <kill>
      - [pid=3335] <will force kill>
      - [pid=3335] exception while trying to kill process: Error: kill ESRCH
      - [pid=3335] <process did exit: exitCode=127, signal=null>
      - [pid=3335] starting temporary directories cleanup
      - [pid=3335] finished temporary directories cleanup
      - [pid=3335] <gracefully close end>


    Error Context: test-results/week5-regressions-W5-malfo-55cfd-ted-without-database-writes-chromium/error-context.md

    attachment #2: trace (application/zip) ─────────────────────────────────────────────────────────
    test-results/week5-regressions-W5-malfo-55cfd-ted-without-database-writes-chromium/trace.zip
    Usage:

        npx playwright show-trace test-results/week5-regressions-W5-malfo-55cfd-ted-without-database-writes-chromium/trace.zip

    ────────────────────────────────────────────────────────────────────────────────────────────────

  26 failed
    [chromium] › tests/auth.spec.js:10:3 › authentication › registers a new account and shows the API-synced dashboard 
    [chromium] › tests/auth.spec.js:32:3 › authentication › signs in with the seeded demo account ──
    [chromium] › tests/auth.spec.js:41:3 › authentication › shows the API error message for wrong credentials 
    [chromium] › tests/auth.spec.js:50:3 › authentication › validates the password policy before calling the API 
    [chromium] › tests/auth.spec.js:61:3 › authentication › drops an invalid stored token and falls back to guest mode 
    [chromium] › tests/auth.spec.js:70:3 › authentication › signs out back to guest mode ───────────
    [chromium] › tests/auth.spec.js:80:3 › authentication › the demo credentials are exactly what the README documents 
    [chromium] › tests/crud.spec.js:19:3 › transaction CRUD (client ⇄ API ⇄ MongoDB) › creates a transaction and it survives a reload 
    [chromium] › tests/data-flow.spec.js:37:3 › server-side list + statistics › renders one server page at a time and paginates through the data 
    [chromium] › tests/data-flow.spec.js:51:3 › server-side list + statistics › filters by type on the server and keeps the query in the URL 
    [chromium] › tests/data-flow.spec.js:65:3 › server-side list + statistics › searches across title and notes through the API 
    [chromium] › tests/data-flow.spec.js:77:3 › server-side list + statistics › sorts on the server (highest amount first) 
    [chromium] › tests/data-flow.spec.js:85:3 › server-side list + statistics › the stat cards show the numbers the API computed 
    [chromium] › tests/data-flow.spec.js:99:3 › server-side list + statistics › an empty account explains what to do next 
    [chromium] › tests/realtime.spec.js:13:3 › live sync across devices (SSE) › a transaction added on one device appears on the other instantly 
    [chromium] › tests/realtime.spec.js:42:3 › live sync across devices (SSE) › deleting on one device removes the row on the other 
    [chromium] › tests/realtime.spec.js:69:3 › live sync across devices (SSE) › the stream endpoint reports the open connections 
    [chromium] › tests/settings-and-errors.spec.js:14:3 › settings page › renames the account through PATCH /auth/me 
    [chromium] › tests/settings-and-errors.spec.js:35:3 › settings page › changes the password and can sign in with the new one 
    [chromium] › tests/settings-and-errors.spec.js:53:3 › settings page › deletes every transaction with one request (danger zone) 
    [chromium] › tests/settings-and-errors.spec.js:70:3 › settings page › exports the account data as JSON 
    [chromium] › tests/settings-and-errors.spec.js:84:3 › graceful error handling › explains a stopped back-end instead of breaking the page 
    [chromium] › tests/settings-and-errors.spec.js:99:3 › graceful error handling › the retry button recovers once the API answers again 
    [chromium] › tests/settings-and-errors.spec.js:116:3 › graceful error handling › an expired session sends the user back to the login page with an explanation 
    [chromium] › tests/week5-regressions.spec.js:5:1 › W5 valid leap-day transaction survives UI save, API read and reload 
    [chromium] › tests/week5-regressions.spec.js:26:1 › W5 malformed date through same-origin browser fetch is rejected without database writes 
  4 did not run
